task_id,task,case,filename,prediction,true_label,mean_gradcam,max_gradcam,path
0,triangle vs any,TP,0/0003.png,1,1,0.2486078143119812,1.0,/home/cosimo/Downloads/kandy-xai/results/visual_models/xai/gradcam_task_00_TP.png
0,triangle vs any,FN,0/0011.png,0,1,0.2742905914783478,1.0,/home/cosimo/Downloads/kandy-xai/results/visual_models/xai/gradcam_task_00_FN.png
0,triangle vs any,TN,0/0024.png,0,0,0.22159507870674133,1.0,/home/cosimo/Downloads/kandy-xai/results/visual_models/xai/gradcam_task_00_TN.png
9,red triangle on the right,TP,9/0014.png,1,1,0.2744409143924713,1.0,/home/cosimo/Downloads/kandy-xai/results/visual_models/xai/gradcam_task_09_TP.png
9,red triangle on the right,TN,9/0005.png,0,0,0.2536483108997345,1.0,/home/cosimo/Downloads/kandy-xai/results/visual_models/xai/gradcam_task_09_TN.png
13,"triangle and square, same color",TP,13/0007.png,1,1,0.30558687448501587,1.0,/home/cosimo/Downloads/kandy-xai/results/visual_models/xai/gradcam_task_13_TP.png
13,"triangle and square, same color",FP,13/0014.png,1,0,0.19933731853961945,1.0,/home/cosimo/Downloads/kandy-xai/results/visual_models/xai/gradcam_task_13_FP.png
13,"triangle and square, same color",FN,13/0003.png,0,1,0.26108798384666443,1.0,/home/cosimo/Downloads/kandy-xai/results/visual_models/xai/gradcam_task_13_FN.png
13,"triangle and square, same color",TN,13/0015.png,0,0,0.22766165435314178,1.0,/home/cosimo/Downloads/kandy-xai/results/visual_models/xai/gradcam_task_13_TN.png
14,palindrome aba,TP,14/0008.png,1,1,0.21714751422405243,1.0,/home/cosimo/Downloads/kandy-xai/results/visual_models/xai/gradcam_task_14_TP.png
14,palindrome aba,FP,14/0003.png,1,0,0.28422656655311584,1.0,/home/cosimo/Downloads/kandy-xai/results/visual_models/xai/gradcam_task_14_FP.png
14,palindrome aba,FN,14/0024.png,0,1,0.28411221504211426,1.0,/home/cosimo/Downloads/kandy-xai/results/visual_models/xai/gradcam_task_14_FN.png
14,palindrome aba,TN,14/0014.png,0,0,0.2834829092025757,1.0,/home/cosimo/Downloads/kandy-xai/results/visual_models/xai/gradcam_task_14_TN.png
15,house,TP,15/0018.png,1,1,0.18674756586551666,1.0,/home/cosimo/Downloads/kandy-xai/results/visual_models/xai/gradcam_task_15_TP.png
15,house,FP,15/0007.png,1,0,0.20219308137893677,1.0,/home/cosimo/Downloads/kandy-xai/results/visual_models/xai/gradcam_task_15_FP.png
15,house,TN,15/0005.png,0,0,0.20699194073677063,1.0,/home/cosimo/Downloads/kandy-xai/results/visual_models/xai/gradcam_task_15_TN.png
19,traffic light,TP,19/0015.png,1,1,0.1799572855234146,1.0,/home/cosimo/Downloads/kandy-xai/results/visual_models/xai/gradcam_task_19_TP.png
19,traffic light,FP,19/0006.png,1,0,0.17378811538219452,1.0,/home/cosimo/Downloads/kandy-xai/results/visual_models/xai/gradcam_task_19_FP.png
19,traffic light,TN,19/0000.png,0,0,0.4402754008769989,1.0,/home/cosimo/Downloads/kandy-xai/results/visual_models/xai/gradcam_task_19_TN.png
