task_id,task,case,filename,prediction,true_label,path
0,triangle vs any,TP,0/0003.png,1,1,/home/cosimo/Downloads/kandy-xai/results/visual_models/xai/shap/task_00_TP.png
0,triangle vs any,FN,0/0011.png,0,1,/home/cosimo/Downloads/kandy-xai/results/visual_models/xai/shap/task_00_FN.png
0,triangle vs any,TN,0/0024.png,0,0,/home/cosimo/Downloads/kandy-xai/results/visual_models/xai/shap/task_00_TN.png
9,red triangle on the right,TP,9/0014.png,1,1,/home/cosimo/Downloads/kandy-xai/results/visual_models/xai/shap/task_09_TP.png
9,red triangle on the right,TN,9/0005.png,0,0,/home/cosimo/Downloads/kandy-xai/results/visual_models/xai/shap/task_09_TN.png
13,"triangle and square, same color",TP,13/0007.png,1,1,/home/cosimo/Downloads/kandy-xai/results/visual_models/xai/shap/task_13_TP.png
13,"triangle and square, same color",FP,13/0014.png,1,0,/home/cosimo/Downloads/kandy-xai/results/visual_models/xai/shap/task_13_FP.png
13,"triangle and square, same color",FN,13/0003.png,0,1,/home/cosimo/Downloads/kandy-xai/results/visual_models/xai/shap/task_13_FN.png
13,"triangle and square, same color",TN,13/0015.png,0,0,/home/cosimo/Downloads/kandy-xai/results/visual_models/xai/shap/task_13_TN.png
14,palindrome aba,TP,14/0008.png,1,1,/home/cosimo/Downloads/kandy-xai/results/visual_models/xai/shap/task_14_TP.png
14,palindrome aba,FP,14/0003.png,1,0,/home/cosimo/Downloads/kandy-xai/results/visual_models/xai/shap/task_14_FP.png
14,palindrome aba,FN,14/0024.png,0,1,/home/cosimo/Downloads/kandy-xai/results/visual_models/xai/shap/task_14_FN.png
14,palindrome aba,TN,14/0014.png,0,0,/home/cosimo/Downloads/kandy-xai/results/visual_models/xai/shap/task_14_TN.png
15,house,TP,15/0018.png,1,1,/home/cosimo/Downloads/kandy-xai/results/visual_models/xai/shap/task_15_TP.png
15,house,FP,15/0007.png,1,0,/home/cosimo/Downloads/kandy-xai/results/visual_models/xai/shap/task_15_FP.png
15,house,TN,15/0005.png,0,0,/home/cosimo/Downloads/kandy-xai/results/visual_models/xai/shap/task_15_TN.png
19,traffic light,TP,19/0015.png,1,1,/home/cosimo/Downloads/kandy-xai/results/visual_models/xai/shap/task_19_TP.png
19,traffic light,FP,19/0006.png,1,0,/home/cosimo/Downloads/kandy-xai/results/visual_models/xai/shap/task_19_FP.png
19,traffic light,TN,19/0000.png,0,0,/home/cosimo/Downloads/kandy-xai/results/visual_models/xai/shap/task_19_TN.png
