predicate,task_id,mean_score_drop,positive_score_drop
has_triangle,0,0.3580820560455322,0.9026800990104675
has_triangle,1,0.0,0.0
has_triangle,2,0.0,0.0
has_triangle,3,0.0,0.0
has_triangle,4,0.0,0.0
has_triangle,5,0.0,0.0
has_triangle,6,0.0,0.0
has_triangle,7,0.0,0.0
has_triangle,8,0.0,0.0
has_triangle,9,0.0,0.0
has_triangle,10,0.0,0.0
has_triangle,11,0.0,0.0
has_triangle,12,0.0,0.0
has_triangle,13,0.0,0.0
has_triangle,14,0.0,0.0
has_triangle,15,0.0,0.0
has_triangle,16,0.0,0.0
has_triangle,17,0.0,0.0
has_triangle,18,0.0,0.0
has_triangle,19,0.0,0.0
has_square,0,0.0,0.0
has_square,1,0.5092198848724365,0.8419771194458008
has_square,2,0.0,0.0
has_square,3,0.0,0.0
has_square,4,0.0,0.0
has_square,5,0.0,0.0
has_square,6,0.0,0.0
has_square,7,0.0,0.0
has_square,8,0.0,0.0
has_square,9,0.0,0.0
has_square,10,0.0,0.0
has_square,11,0.0,0.0
has_square,12,0.0,0.0
has_square,13,0.0,0.0
has_square,14,0.0,0.0
has_square,15,0.0,0.0
has_square,16,0.0,0.0
has_square,17,0.0,0.0
has_square,18,0.0,0.0
has_square,19,0.0,0.0
has_circle,0,0.0,0.0
has_circle,1,0.0,0.0
has_circle,2,0.46569374203681946,0.7252249121665955
has_circle,3,0.0,0.0
has_circle,4,0.0,0.0
has_circle,5,0.0,0.0
has_circle,6,0.0,0.0
has_circle,7,0.0,0.0
has_circle,8,0.0,0.0
has_circle,9,0.0,0.0
has_circle,10,0.0,0.0
has_circle,11,0.0,0.0
has_circle,12,0.0,0.0
has_circle,13,0.0,0.0
has_circle,14,0.0,0.0
has_circle,15,0.0,0.0
has_circle,16,0.0,0.0
has_circle,17,0.0,0.0
has_circle,18,0.0,0.0
has_circle,19,0.0,0.0
has_red,0,0.0,0.0
has_red,1,0.0,0.0
has_red,2,0.0,0.0
has_red,3,0.3642006814479828,0.9822160601615906
has_red,4,0.0,0.0
has_red,5,0.0,0.0
has_red,6,0.0,0.0
has_red,7,0.0,0.0
has_red,8,0.0,0.0
has_red,9,0.0,0.0
has_red,10,0.0,0.0
has_red,11,0.0,0.0
has_red,12,0.0,0.0
has_red,13,0.0,0.0
has_red,14,0.0,0.0
has_red,15,0.0,0.0
has_red,16,0.0,0.0
has_red,17,0.0,0.0
has_red,18,0.0,0.0
has_red,19,0.0,0.0
has_green,0,0.0,0.0
has_green,1,0.0,0.0
has_green,2,0.0,0.0
has_green,3,0.0,0.0
has_green,4,0.3346555233001709,0.8672146201133728
has_green,5,0.0,0.0
has_green,6,0.0,0.0
has_green,7,0.0,0.0
has_green,8,0.0,0.0
has_green,9,0.0,0.0
has_green,10,0.0,0.0
has_green,11,0.0,0.0
has_green,12,0.0,0.0
has_green,13,0.0,0.0
has_green,14,0.0,0.0
has_green,15,0.0,0.0
has_green,16,0.0,0.0
has_green,17,0.0,0.0
has_green,18,0.0,0.0
has_green,19,0.0,0.0
has_blue,0,0.0,0.0
has_blue,1,0.0,0.0
has_blue,2,0.0,0.0
has_blue,3,0.0,0.0
has_blue,4,0.0,0.0
has_blue,5,0.45044219493865967,0.8890440464019775
has_blue,6,0.0,0.0
has_blue,7,0.0,0.0
has_blue,8,0.0,0.0
has_blue,9,0.0,0.0
has_blue,10,0.0,0.0
has_blue,11,0.0,0.0
has_blue,12,0.0,0.0
has_blue,13,0.0,0.0
has_blue,14,0.0,0.0
has_blue,15,0.0,0.0
has_blue,16,0.0,0.0
has_blue,17,0.0,0.0
has_blue,18,0.0,0.0
has_blue,19,0.0,0.0
has_cyan,0,0.0,0.0
has_cyan,1,0.0,0.0
has_cyan,2,0.0,0.0
has_cyan,3,0.0,0.0
has_cyan,4,0.0,0.0
has_cyan,5,0.0,0.0
has_cyan,6,0.3442813754081726,0.9161877036094666
has_cyan,7,0.0,0.0
has_cyan,8,0.0,0.0
has_cyan,9,0.0,0.0
has_cyan,10,0.0,0.0
has_cyan,11,0.0,0.0
has_cyan,12,0.0,0.0
has_cyan,13,0.0,0.0
has_cyan,14,0.0,0.0
has_cyan,15,0.0,0.0
has_cyan,16,0.0,0.0
has_cyan,17,0.0,0.0
has_cyan,18,0.0,0.0
has_cyan,19,0.0,0.0
has_magenta,0,0.0,0.0
has_magenta,1,0.0,0.0
has_magenta,2,0.0,0.0
has_magenta,3,0.0,0.0
has_magenta,4,0.0,0.0
has_magenta,5,0.0,0.0
has_magenta,6,0.0,0.0
has_magenta,7,0.3216440975666046,0.9515628814697266
has_magenta,8,0.0,0.0
has_magenta,9,0.0,0.0
has_magenta,10,0.0,0.0
has_magenta,11,0.0,0.0
has_magenta,12,0.0,0.0
has_magenta,13,0.0,0.0
has_magenta,14,0.0,0.0
has_magenta,15,0.0,0.0
has_magenta,16,0.0,0.0
has_magenta,17,0.0,0.0
has_magenta,18,0.0,0.0
has_magenta,19,0.0,0.0
has_yellow,0,0.0,0.0
has_yellow,1,0.0,0.0
has_yellow,2,0.0,0.0
has_yellow,3,0.0,0.0
has_yellow,4,0.0,0.0
has_yellow,5,0.0,0.0
has_yellow,6,0.0,0.0
has_yellow,7,0.0,0.0
has_yellow,8,0.277732253074646,0.9900451898574829
has_yellow,9,0.0,0.0
has_yellow,10,0.0,0.0
has_yellow,11,0.0,0.0
has_yellow,12,0.0,0.0
has_yellow,13,0.0,0.0
has_yellow,14,0.0,0.0
has_yellow,15,0.0,0.0
has_yellow,16,0.0,0.0
has_yellow,17,0.0,0.0
has_yellow,18,0.0,0.0
has_yellow,19,0.0,0.0
last_is_red_triangle,0,0.0,0.0
last_is_red_triangle,1,0.0,0.0
last_is_red_triangle,2,0.0,0.0
last_is_red_triangle,3,0.0,0.0
last_is_red_triangle,4,0.0,0.0
last_is_red_triangle,5,0.0,0.0
last_is_red_triangle,6,0.0,0.0
last_is_red_triangle,7,0.0,0.0
last_is_red_triangle,8,0.0,0.0
last_is_red_triangle,9,0.3828619122505188,0.9181150197982788
last_is_red_triangle,10,0.6984701752662659,0.8089629411697388
last_is_red_triangle,11,0.7041493058204651,0.7790642976760864
last_is_red_triangle,12,0.662855327129364,0.7915935516357422
last_is_red_triangle,13,0.0,0.0
last_is_red_triangle,14,0.0,0.0
last_is_red_triangle,15,0.0,0.0
last_is_red_triangle,16,0.0,0.0
last_is_red_triangle,17,0.0,0.0
last_is_red_triangle,18,0.0,0.0
last_is_red_triangle,19,0.0,0.0
exists_circle_before_last,0,0.0,0.0
exists_circle_before_last,1,0.0,0.0
exists_circle_before_last,2,0.0,0.0
exists_circle_before_last,3,0.0,0.0
exists_circle_before_last,4,0.0,0.0
exists_circle_before_last,5,0.0,0.0
exists_circle_before_last,6,0.0,0.0
exists_circle_before_last,7,0.0,0.0
exists_circle_before_last,8,0.0,0.0
exists_circle_before_last,9,0.0,0.0
exists_circle_before_last,10,0.0,0.0
exists_circle_before_last,11,0.7041493058204651,0.7790642976760864
exists_circle_before_last,12,0.0,0.0
exists_circle_before_last,13,0.0,0.0
exists_circle_before_last,14,0.0,0.0
exists_circle_before_last,15,0.0,0.0
exists_circle_before_last,16,0.0,0.0
exists_circle_before_last,17,0.0,0.0
exists_circle_before_last,18,0.0,0.0
exists_circle_before_last,19,0.0,0.0
exists_blue_before_last,0,0.0,0.0
exists_blue_before_last,1,0.0,0.0
exists_blue_before_last,2,0.0,0.0
exists_blue_before_last,3,0.0,0.0
exists_blue_before_last,4,0.0,0.0
exists_blue_before_last,5,0.0,0.0
exists_blue_before_last,6,0.0,0.0
exists_blue_before_last,7,0.0,0.0
exists_blue_before_last,8,0.0,0.0
exists_blue_before_last,9,0.0,0.0
exists_blue_before_last,10,0.0,0.0
exists_blue_before_last,11,0.0,0.0
exists_blue_before_last,12,0.662855327129364,0.7915935516357422
exists_blue_before_last,13,0.0,0.0
exists_blue_before_last,14,0.0,0.0
exists_blue_before_last,15,0.0,0.0
exists_blue_before_last,16,0.0,0.0
exists_blue_before_last,17,0.0,0.0
exists_blue_before_last,18,0.0,0.0
exists_blue_before_last,19,0.0,0.0
triangle_square_same_color,0,0.0,0.0
triangle_square_same_color,1,0.0,0.0
triangle_square_same_color,2,0.0,0.0
triangle_square_same_color,3,0.0,0.0
triangle_square_same_color,4,0.0,0.0
triangle_square_same_color,5,0.0,0.0
triangle_square_same_color,6,0.0,0.0
triangle_square_same_color,7,0.0,0.0
triangle_square_same_color,8,0.0,0.0
triangle_square_same_color,9,0.0,0.0
triangle_square_same_color,10,0.0,0.0
triangle_square_same_color,11,0.0,0.0
triangle_square_same_color,12,0.0,0.0
triangle_square_same_color,13,0.436096727848053,0.4396441876888275
triangle_square_same_color,14,0.0,0.0
triangle_square_same_color,15,0.0,0.0
triangle_square_same_color,16,0.0,0.0
triangle_square_same_color,17,0.0,0.0
triangle_square_same_color,18,0.0,0.0
triangle_square_same_color,19,0.0,0.0
palindrome_sequence,0,0.0,0.0
palindrome_sequence,1,0.0,0.0
palindrome_sequence,2,0.0,0.0
palindrome_sequence,3,0.0,0.0
palindrome_sequence,4,0.0,0.0
palindrome_sequence,5,0.0,0.0
palindrome_sequence,6,0.0,0.0
palindrome_sequence,7,0.0,0.0
palindrome_sequence,8,0.0,0.0
palindrome_sequence,9,0.0,0.0
palindrome_sequence,10,0.0,0.0
palindrome_sequence,11,0.0,0.0
palindrome_sequence,12,0.0,0.0
palindrome_sequence,13,0.0,0.0
palindrome_sequence,14,0.30660805106163025,0.27022626996040344
palindrome_sequence,15,0.0,0.0
palindrome_sequence,16,0.0,0.0
palindrome_sequence,17,0.0,0.0
palindrome_sequence,18,0.0,0.0
palindrome_sequence,19,0.0,0.0
house_structure,0,0.0,0.0
house_structure,1,0.0,0.0
house_structure,2,0.0,0.0
house_structure,3,0.0,0.0
house_structure,4,0.0,0.0
house_structure,5,0.0,0.0
house_structure,6,0.0,0.0
house_structure,7,0.0,0.0
house_structure,8,0.0,0.0
house_structure,9,0.0,0.0
house_structure,10,0.0,0.0
house_structure,11,0.0,0.0
house_structure,12,0.0,0.0
house_structure,13,0.0,0.0
house_structure,14,0.0,0.0
house_structure,15,0.5050793290138245,0.5914709568023682
house_structure,16,0.0,0.0
house_structure,17,0.0,0.0
house_structure,18,0.0,0.0
house_structure,19,0.0,0.0
car_structure,0,0.0,0.0
car_structure,1,0.0,0.0
car_structure,2,0.0,0.0
car_structure,3,0.0,0.0
car_structure,4,0.0,0.0
car_structure,5,0.0,0.0
car_structure,6,0.0,0.0
car_structure,7,0.0,0.0
car_structure,8,0.0,0.0
car_structure,9,0.0,0.0
car_structure,10,0.0,0.0
car_structure,11,0.0,0.0
car_structure,12,0.0,0.0
car_structure,13,0.0,0.0
car_structure,14,0.0,0.0
car_structure,15,0.0,0.0
car_structure,16,0.34734416007995605,0.4002293646335602
car_structure,17,0.0,0.0
car_structure,18,0.0,0.0
car_structure,19,0.0,0.0
tower_structure,0,0.0,0.0
tower_structure,1,0.0,0.0
tower_structure,2,0.0,0.0
tower_structure,3,0.0,0.0
tower_structure,4,0.0,0.0
tower_structure,5,0.0,0.0
tower_structure,6,0.0,0.0
tower_structure,7,0.0,0.0
tower_structure,8,0.0,0.0
tower_structure,9,0.0,0.0
tower_structure,10,0.0,0.0
tower_structure,11,0.0,0.0
tower_structure,12,0.0,0.0
tower_structure,13,0.0,0.0
tower_structure,14,0.0,0.0
tower_structure,15,0.0,0.0
tower_structure,16,0.0,0.0
tower_structure,17,0.49048706889152527,0.8735698461532593
tower_structure,18,0.0,0.0
tower_structure,19,0.0,0.0
wagon_structure,0,0.0,0.0
wagon_structure,1,0.0,0.0
wagon_structure,2,0.0,0.0
wagon_structure,3,0.0,0.0
wagon_structure,4,0.0,0.0
wagon_structure,5,0.0,0.0
wagon_structure,6,0.0,0.0
wagon_structure,7,0.0,0.0
wagon_structure,8,0.0,0.0
wagon_structure,9,0.0,0.0
wagon_structure,10,0.0,0.0
wagon_structure,11,0.0,0.0
wagon_structure,12,0.0,0.0
wagon_structure,13,0.0,0.0
wagon_structure,14,0.0,0.0
wagon_structure,15,0.0,0.0
wagon_structure,16,0.0,0.0
wagon_structure,17,0.0,0.0
wagon_structure,18,0.4834611415863037,0.5797260403633118
wagon_structure,19,0.0,0.0
traffic_light_structure,0,0.0,0.0
traffic_light_structure,1,0.0,0.0
traffic_light_structure,2,0.0,0.0
traffic_light_structure,3,0.0,0.0
traffic_light_structure,4,0.0,0.0
traffic_light_structure,5,0.0,0.0
traffic_light_structure,6,0.0,0.0
traffic_light_structure,7,0.0,0.0
traffic_light_structure,8,0.0,0.0
traffic_light_structure,9,0.0,0.0
traffic_light_structure,10,0.0,0.0
traffic_light_structure,11,0.0,0.0
traffic_light_structure,12,0.0,0.0
traffic_light_structure,13,0.0,0.0
traffic_light_structure,14,0.0,0.0
traffic_light_structure,15,0.0,0.0
traffic_light_structure,16,0.0,0.0
traffic_light_structure,17,0.0,0.0
traffic_light_structure,18,0.0,0.0
traffic_light_structure,19,0.1584455519914627,0.404267281293869
