epoch,lr,train_loss,train_macro_f1,val_loss,val_macro_f1
1,0.0003,0.7472840812206268,0.5493248461993699,0.6650833377838135,0.644955905091354
2,0.0003,0.5787715463638305,0.6613595345723254,0.5507510833740235,0.6963349138612297
3,0.0003,0.4900105826854706,0.7264070392420858,0.6176128466427326,0.6318064753785817
4,0.0003,0.43814347088336947,0.7588918780018761,0.5343854842185974,0.7523143012962911
5,0.0003,0.46794716572761536,0.7580583546368211,0.482258069396019,0.7590966766409056
6,0.0003,0.46049584513902664,0.7527584021541285,0.6079925755560398,0.7180075488396327
7,0.0003,0.40384397917985915,0.7874380536385546,0.41651811024546626,0.8252564146492558
8,0.0003,0.35301369255781173,0.812726994015448,0.41023445382714274,0.8195803811811426
9,0.0003,0.4477696073651314,0.7833379340143466,0.3695174822807312,0.8160986836838763
10,0.0003,0.32227203726768494,0.848214426177974,0.35056224213540554,0.8106119077100159
11,0.0003,0.31568061554431914,0.8529773092799655,0.35032218441367147,0.819807934772091
12,0.0003,0.34442483600974083,0.8229886096599147,0.4783165281116962,0.7699659611265248
13,0.0003,0.26532579270005224,0.8765930331183464,0.32261434699594976,0.8544491280446289
14,0.0003,0.25113386185467246,0.8962271643459874,0.3895463351011276,0.8328699548978561
15,0.0003,0.1882612519413233,0.9142463308510816,0.2793458991572261,0.8769786268660233
16,0.0003,0.1885379507020116,0.9265224730154407,0.30212656284868716,0.8966654669699935
17,0.0003,0.15692190831899644,0.9364316512273263,0.26331492405384777,0.8909593196161516
18,0.0003,0.15635874592512847,0.9488052284869557,0.36968162284791467,0.8375278626722251
19,0.0003,0.15980543792247773,0.9327935090252353,0.3838689045375213,0.8507956630456629
20,0.0003,0.15658255641162394,0.9269514433584771,0.31724825073592366,0.9050190667067237
21,0.0003,0.10726895706355571,0.9642411331854319,0.26296917712688445,0.8883455345814099
22,0.0003,0.09021603383496404,0.957956949965966,0.31110094881802797,0.9117975828730976
23,0.0003,0.13524493339657784,0.9353402138642277,0.3030395692931488,0.8849705406188854
24,0.0003,0.11377936801686883,0.9503372868992997,0.2689962966470048,0.8924665634309099
25,0.00015,0.22516939044743775,0.8988519883766555,0.3595024427734315,0.8592411337201534
26,0.00015,0.1460223925113678,0.9369234892581074,0.2217879224345088,0.916207957048391
27,0.00015,0.09268235401064158,0.9648787235885145,0.22448544406704604,0.9229128372763441
28,0.00015,0.07051664774864912,0.9716125131847682,0.22879240732174366,0.9152024090445549
29,0.00015,0.06163432276807725,0.9808250494437329,0.2337213874347508,0.9126548770614875
30,7.5e-05,0.06537665290012956,0.9723730087125068,0.23784197327122092,0.9157567215566816
31,7.5e-05,0.046191864363849165,0.9874277779087217,0.2200473129400052,0.9225839190493529
32,7.5e-05,0.04057652350887656,0.9892237586974428,0.20581352415960283,0.9132878225746884
33,7.5e-05,0.03868222092092037,0.9911948760654614,0.22600259412685408,0.9219353889302345
34,7.5e-05,0.029401932582259177,0.9936241901377653,0.21793098925612867,0.9204492325906177
35,7.5e-05,0.033875627517700194,0.9959128281575576,0.21622992655145937,0.9113297520754319
