task_id,task,model,term,importance_signed,importance_abs
0,triangle vs any,ebm,count_shape_triangle,,3.7254586598356134
0,triangle vs any,ebm,count_shape_circle,,0.8793466208067664
0,triangle vs any,ebm,count_shape_square,,0.8502341853537434
0,triangle vs any,ebm,mean_y_triangle,,0.6994245892204881
0,triangle vs any,ebm,mean_x_triangle,,0.5760115383869474
0,triangle vs any,ebm,mean_x_square,,0.5136342822367997
0,triangle vs any,ebm,mean_y_square,,0.5014661467121831
0,triangle vs any,ebm,mean_x_all,,0.4962844547612625
0,triangle vs any,ebm,mean_x_circle,,0.49494768546893075
0,triangle vs any,ebm,mean_y_circle,,0.49335720100990405
0,triangle vs any,ebm,count_color_green,,0.14761401156430914
0,triangle vs any,ebm,mean_y_all,,0.1329836373661784
0,triangle vs any,ebm,count_color_blue,,0.12368053986982971
0,triangle vs any,ebm,count_size_small,,0.043691890305801166
0,triangle vs any,ebm,count_size_large,,0.04364301864461873
0,triangle vs any,ebm,count_color_red,,0.042093631863572886
0,triangle vs any,ebm,count_color_magenta,,0.014383656826917567
0,triangle vs any,ebm,count_color_yellow,,0.014329046924496151
0,triangle vs any,ebm,count_color_cyan,,0.00566713088844658
0,triangle vs any,ebm,n_objects,,0.0
0,triangle vs any,ebm,std_x_all,,0.0
0,triangle vs any,ebm,std_y_all,,0.0
0,triangle vs any,ebm,pair_left_right,,0.0
0,triangle vs any,ebm,pair_above_below,,0.0
0,triangle vs any,ebm,pair_diagonal,,0.0
0,triangle vs any,ebm,pair_same_shape,,0.0
0,triangle vs any,ebm,pair_same_color,,0.0
0,triangle vs any,ebm,pair_same_size,,0.0
0,triangle vs any,ebm,pair_horiz_aligned,,0.0
0,triangle vs any,ebm,pair_vert_aligned,,0.0
0,triangle vs any,ebm,pair_close,,0.0
0,triangle vs any,ebm,pair_same_size & pair_vert_aligned,,0.0
0,triangle vs any,ebm,pair_same_size & pair_close,,0.0
0,triangle vs any,ebm,pair_horiz_aligned & pair_vert_aligned,,0.0
0,triangle vs any,ebm,pair_horiz_aligned & pair_close,,0.0
0,triangle vs any,ebm,pair_vert_aligned & pair_close,,0.0
2,circle vs any,ebm,count_shape_circle,,1.53662940017607
2,circle vs any,ebm,count_shape_triangle,,0.9981126513422556
2,circle vs any,ebm,count_size_large,,0.9879418599722345
2,circle vs any,ebm,count_color_red,,0.7186726963569348
2,circle vs any,ebm,mean_y_circle,,0.6984991644027897
2,circle vs any,ebm,mean_x_all,,0.6621349654679597
2,circle vs any,ebm,count_color_green,,0.5715165078460762
2,circle vs any,ebm,count_color_cyan,,0.5655646909115912
2,circle vs any,ebm,mean_y_square,,0.44206925628218235
2,circle vs any,ebm,mean_x_triangle,,0.4224532832117171
2,circle vs any,ebm,mean_y_triangle,,0.4132797427633017
2,circle vs any,ebm,mean_x_circle,,0.37906707550991453
2,circle vs any,ebm,mean_x_all & mean_y_all,,0.2763266357746109
2,circle vs any,ebm,count_shape_square & mean_y_all,,0.2148513765844839
2,circle vs any,ebm,mean_x_square,,0.1988588833915905
2,circle vs any,ebm,count_size_small & mean_x_all,,0.1824785624226544
2,circle vs any,ebm,count_shape_square,,0.13216305196080835
2,circle vs any,ebm,count_color_blue,,0.11767262442078871
2,circle vs any,ebm,mean_y_all,,0.107498353758328
2,circle vs any,ebm,count_size_small,,0.07348735448504462
2,circle vs any,ebm,count_color_yellow,,0.06990905035184575
2,circle vs any,ebm,count_color_magenta,,0.04789627262475764
2,circle vs any,ebm,count_size_small & mean_y_all,,0.03208173816174614
2,circle vs any,ebm,n_objects,,0.01803997104841519
2,circle vs any,ebm,std_x_all,,0.0
2,circle vs any,ebm,std_y_all,,0.0
2,circle vs any,ebm,pair_left_right,,0.0
2,circle vs any,ebm,pair_above_below,,0.0
2,circle vs any,ebm,pair_same_size,,0.0
2,circle vs any,ebm,pair_same_color,,0.0
2,circle vs any,ebm,pair_same_shape,,0.0
2,circle vs any,ebm,pair_diagonal,,0.0
2,circle vs any,ebm,pair_close,,0.0
2,circle vs any,ebm,pair_vert_aligned,,0.0
2,circle vs any,ebm,pair_horiz_aligned,,0.0
2,circle vs any,ebm,pair_vert_aligned & pair_close,,0.0
9,red triangle on the right,ebm,count_color_red,,5.50805023721128
9,red triangle on the right,ebm,mean_y_all,,1.4672005298072663
9,red triangle on the right,ebm,count_size_large,,1.4482437312207441
9,red triangle on the right,ebm,count_shape_square,,1.40556652803668
9,red triangle on the right,ebm,mean_y_triangle,,1.3757854705670245
9,red triangle on the right,ebm,mean_x_triangle,,1.3554835394856237
9,red triangle on the right,ebm,std_x_all,,1.3468290787862047
9,red triangle on the right,ebm,count_size_small,,1.3386689872024349
9,red triangle on the right,ebm,mean_x_all,,0.9001667175670689
9,red triangle on the right,ebm,count_color_green,,0.6236726799423394
9,red triangle on the right,ebm,mean_x_square,,0.5473640767019168
9,red triangle on the right,ebm,count_shape_triangle,,0.520716892762592
9,red triangle on the right,ebm,n_objects,,0.5174151368246225
9,red triangle on the right,ebm,pair_left_right,,0.5173514845297289
9,red triangle on the right,ebm,pair_horiz_aligned,,0.5170363467164811
9,red triangle on the right,ebm,count_color_cyan,,0.49328909224851375
9,red triangle on the right,ebm,mean_x_circle,,0.38774643327775066
9,red triangle on the right,ebm,count_color_magenta,,0.351586211270856
9,red triangle on the right,ebm,count_color_yellow,,0.31203910828530823
9,red triangle on the right,ebm,count_color_blue,,0.30469173524344717
9,red triangle on the right,ebm,count_shape_circle,,0.2534734589247546
9,red triangle on the right,ebm,pair_same_size,,0.15786213440870248
9,red triangle on the right,ebm,mean_y_triangle & pair_same_size,,0.1483216583630817
9,red triangle on the right,ebm,count_size_small & mean_y_all,,0.14676369718142693
9,red triangle on the right,ebm,count_size_large & mean_y_all,,0.14630494797185659
9,red triangle on the right,ebm,mean_y_triangle & count_size_large,,0.14389479552791884
9,red triangle on the right,ebm,mean_y_all & pair_same_size,,0.12769775494513214
9,red triangle on the right,ebm,std_y_all,,0.08085025709232475
9,red triangle on the right,ebm,pair_same_shape,,0.0789607900364396
9,red triangle on the right,ebm,pair_same_color,,0.0042125365931128785
9,red triangle on the right,ebm,mean_y_square,,0.0
9,red triangle on the right,ebm,mean_y_circle,,0.0
9,red triangle on the right,ebm,pair_diagonal,,0.0
9,red triangle on the right,ebm,pair_above_below,,0.0
9,red triangle on the right,ebm,pair_close,,0.0
9,red triangle on the right,ebm,pair_vert_aligned,,0.0
12,red triangle on the right and at least one blue object and arbitrary objects,ebm,count_color_red,,3.329813497055817
12,red triangle on the right and at least one blue object and arbitrary objects,ebm,count_color_blue,,2.9214967755639294
12,red triangle on the right and at least one blue object and arbitrary objects,ebm,count_color_yellow,,1.535496539113966
12,red triangle on the right and at least one blue object and arbitrary objects,ebm,mean_x_circle,,1.4650461299121802
12,red triangle on the right and at least one blue object and arbitrary objects,ebm,count_color_yellow & std_x_all,,0.8515608828120662
12,red triangle on the right and at least one blue object and arbitrary objects,ebm,count_color_green & std_x_all,,0.7488312812422798
12,red triangle on the right and at least one blue object and arbitrary objects,ebm,mean_x_triangle,,0.7186623677119228
12,red triangle on the right and at least one blue object and arbitrary objects,ebm,count_color_yellow & mean_x_all,,0.6946433671413306
12,red triangle on the right and at least one blue object and arbitrary objects,ebm,count_size_large,,0.617613148792955
12,red triangle on the right and at least one blue object and arbitrary objects,ebm,std_y_all,,0.590208386918521
12,red triangle on the right and at least one blue object and arbitrary objects,ebm,count_color_cyan,,0.5208161022049342
12,red triangle on the right and at least one blue object and arbitrary objects,ebm,count_color_yellow & pair_close,,0.29533722649681493
12,red triangle on the right and at least one blue object and arbitrary objects,ebm,count_color_yellow & pair_horiz_aligned,,0.2816545024473836
12,red triangle on the right and at least one blue object and arbitrary objects,ebm,count_shape_triangle,,0.2670772890938782
12,red triangle on the right and at least one blue object and arbitrary objects,ebm,count_color_green,,0.2418593677782949
12,red triangle on the right and at least one blue object and arbitrary objects,ebm,count_color_magenta,,0.22849442500296063
12,red triangle on the right and at least one blue object and arbitrary objects,ebm,std_x_all,,0.221628212105358
12,red triangle on the right and at least one blue object and arbitrary objects,ebm,mean_y_triangle,,0.21126219507481203
12,red triangle on the right and at least one blue object and arbitrary objects,ebm,count_shape_square,,0.19674603750419473
12,red triangle on the right and at least one blue object and arbitrary objects,ebm,pair_same_color,,0.19334707362831655
12,red triangle on the right and at least one blue object and arbitrary objects,ebm,mean_y_all,,0.19230748477175205
12,red triangle on the right and at least one blue object and arbitrary objects,ebm,pair_same_size,,0.14605952951797413
12,red triangle on the right and at least one blue object and arbitrary objects,ebm,pair_same_shape,,0.12076030821681395
12,red triangle on the right and at least one blue object and arbitrary objects,ebm,count_size_small,,0.11245825871862754
12,red triangle on the right and at least one blue object and arbitrary objects,ebm,mean_x_square,,0.1098463024831526
12,red triangle on the right and at least one blue object and arbitrary objects,ebm,pair_left_right,,0.10599837387466303
12,red triangle on the right and at least one blue object and arbitrary objects,ebm,pair_horiz_aligned,,0.09780814690070234
12,red triangle on the right and at least one blue object and arbitrary objects,ebm,count_shape_circle,,0.09723357670210364
12,red triangle on the right and at least one blue object and arbitrary objects,ebm,n_objects,,0.09693387163694031
12,red triangle on the right and at least one blue object and arbitrary objects,ebm,mean_x_all,,0.08063193252192923
12,red triangle on the right and at least one blue object and arbitrary objects,ebm,pair_close,,0.03279499860994337
12,red triangle on the right and at least one blue object and arbitrary objects,ebm,mean_y_circle,,0.0
12,red triangle on the right and at least one blue object and arbitrary objects,ebm,mean_y_square,,0.0
12,red triangle on the right and at least one blue object and arbitrary objects,ebm,pair_above_below,,0.0
12,red triangle on the right and at least one blue object and arbitrary objects,ebm,pair_diagonal,,0.0
12,red triangle on the right and at least one blue object and arbitrary objects,ebm,pair_vert_aligned,,0.0
14,palindrome aba,ebm,mean_x_square & mean_x_circle,,1.6463685264404864
14,palindrome aba,ebm,mean_x_triangle,,1.5286782627118563
14,palindrome aba,ebm,mean_x_square,,1.2175696568505872
14,palindrome aba,ebm,mean_x_circle,,1.2100670047464006
14,palindrome aba,ebm,mean_x_all,,1.0817285012309261
14,palindrome aba,ebm,count_color_yellow,,0.6825802791978162
14,palindrome aba,ebm,mean_x_square & pair_same_size,,0.6670669309993422
14,palindrome aba,ebm,count_color_blue,,0.6156563617103737
14,palindrome aba,ebm,count_color_green & pair_same_size,,0.5885953326091117
14,palindrome aba,ebm,count_shape_square,,0.37515589263295324
14,palindrome aba,ebm,count_shape_circle,,0.36440956642411165
14,palindrome aba,ebm,pair_horiz_aligned,,0.34717795519390693
14,palindrome aba,ebm,std_x_all,,0.34694897228189403
14,palindrome aba,ebm,n_objects,,0.34661888455799544
14,palindrome aba,ebm,pair_left_right,,0.3465684662150788
14,palindrome aba,ebm,mean_x_square & count_size_large,,0.30876286926423896
14,palindrome aba,ebm,mean_x_square & count_size_small,,0.2983717595450334
14,palindrome aba,ebm,mean_y_triangle,,0.2894768113588347
14,palindrome aba,ebm,mean_y_all,,0.1880305132284085
14,palindrome aba,ebm,count_size_large,,0.17742542758527283
14,palindrome aba,ebm,count_size_small,,0.16919899857114298
14,palindrome aba,ebm,count_color_magenta,,0.16862038327760165
14,palindrome aba,ebm,pair_same_size,,0.16389008817483505
14,palindrome aba,ebm,pair_same_color,,0.14453009235028158
14,palindrome aba,ebm,count_color_green,,0.1435091652986039
14,palindrome aba,ebm,std_y_all,,0.1401241383072452
14,palindrome aba,ebm,count_color_red,,0.09642988457354766
14,palindrome aba,ebm,pair_same_shape,,0.05771567483515443
14,palindrome aba,ebm,count_shape_triangle,,0.03371727667918097
14,palindrome aba,ebm,count_color_cyan,,0.02716265203129938
14,palindrome aba,ebm,mean_y_square,,0.0
14,palindrome aba,ebm,mean_y_circle,,0.0
14,palindrome aba,ebm,pair_diagonal,,0.0
14,palindrome aba,ebm,pair_above_below,,0.0
14,palindrome aba,ebm,pair_close,,0.0
14,palindrome aba,ebm,pair_vert_aligned,,0.0
16,car,ebm,count_color_magenta,,3.642714320100269
16,car,ebm,pair_same_size,,3.284317552640743
16,car,ebm,count_color_red,,2.9386858087827035
16,car,ebm,count_shape_circle,,2.7363799599652023
16,car,ebm,std_y_all,,2.482719309854167
16,car,ebm,count_shape_triangle,,1.8540958561206544
16,car,ebm,mean_y_triangle,,0.8594304164267671
16,car,ebm,pair_same_color,,0.8085737981062924
16,car,ebm,pair_same_shape,,0.5777244293813976
16,car,ebm,mean_x_square,,0.5706936078618071
16,car,ebm,count_color_cyan,,0.5184603453185624
16,car,ebm,pair_left_right,,0.48131972508016235
16,car,ebm,pair_horiz_aligned,,0.48007582579771463
16,car,ebm,n_objects,,0.4795629509989931
16,car,ebm,mean_x_circle,,0.4349507352248567
16,car,ebm,mean_x_triangle,,0.39658859892987774
16,car,ebm,std_y_all & pair_same_size,,0.3182742607700617
16,car,ebm,std_x_all,,0.29234978680556695
16,car,ebm,pair_same_color & pair_close,,0.27620149081263407
16,car,ebm,count_color_blue,,0.2656337037140256
16,car,ebm,count_size_large & pair_same_shape,,0.2504734356805865
16,car,ebm,count_shape_square,,0.24492847112288
16,car,ebm,count_size_small,,0.22509146335418428
16,car,ebm,pair_same_color & pair_same_size,,0.2180258063060543
16,car,ebm,pair_same_size & pair_close,,0.21532423498913372
16,car,ebm,count_size_large,,0.19150128471847092
16,car,ebm,mean_x_all,,0.19108697587760734
16,car,ebm,count_color_green,,0.15194406968126237
16,car,ebm,mean_y_circle,,0.14062038040392583
16,car,ebm,pair_close,,0.13744473505189
16,car,ebm,count_color_yellow,,0.13504404913932083
16,car,ebm,mean_y_all,,0.10868234470054869
16,car,ebm,mean_y_square,,0.06717111560745961
16,car,ebm,pair_above_below,,0.0
16,car,ebm,pair_diagonal,,0.0
16,car,ebm,pair_vert_aligned,,0.0
