task_id,task,val_f1,accuracy,precision,recall,f1
0,triangle vs any,1.0,1.0,1.0,1.0,1.0
1,square vs any,0.9629629629629629,0.96,0.9,1.0,0.9473684210526315
2,circle vs any,0.9333333333333333,0.88,0.9230769230769231,0.8571428571428571,0.8888888888888888
3,red vs any,1.0,1.0,1.0,1.0,1.0
4,green vs any,0.9473684210526315,1.0,1.0,1.0,1.0
5,blue vs any,1.0,1.0,1.0,1.0,1.0
6,cyan vs any,1.0,1.0,1.0,1.0,1.0
7,magenta vs any,0.9090909090909091,1.0,1.0,1.0,1.0
8,yellow vs any,1.0,1.0,1.0,1.0,1.0
9,red triangle on the right,0.631578947368421,0.96,1.0,0.875,0.9333333333333333
10,red triangle on the right and arbitrary objects,0.7878787878787878,0.8,0.8333333333333334,0.8823529411764706,0.8571428571428571
11,red triangle on the right and at least one circle and arbitrary objects,0.9230769230769231,0.88,0.8421052631578947,1.0,0.9142857142857143
12,red triangle on the right and at least one blue object and arbitrary objects,0.8235294117647058,0.8,0.75,1.0,0.8571428571428571
13,"triangle and square, same color",1.0,1.0,1.0,1.0,1.0
14,palindrome aba,0.8461538461538461,0.84,0.9,0.75,0.8181818181818182
15,house,0.8823529411764706,0.64,0.4666666666666667,0.875,0.6086956521739131
16,car,0.9411764705882353,0.84,0.875,0.7,0.7777777777777778
17,tower,0.9655172413793104,1.0,1.0,1.0,1.0
18,wagon,0.9655172413793104,0.92,1.0,0.875,0.9333333333333333
19,traffic light,1.0,0.84,0.4,0.6666666666666666,0.5
