concept,f1,positive_rate
has_red,1.0,0.34200000762939453
last_is_square,1.0,0.18400000035762787
last_is_triangle,1.0,0.20600000023841858
has_yellow,1.0,0.23199999332427979
has_blue,1.0,0.28999999165534973
last_is_green,1.0,0.07199999690055847
traffic_light_color_order,1.0,0.006000000052154064
last_is_large,0.996415770609319,0.27799999713897705
last_is_circle,0.9937888198757764,0.1599999964237213
has_circle,0.9898167006109979,0.4959999918937683
has_green,0.9896193771626297,0.2919999957084656
has_triangle,0.9896049896049897,0.48399999737739563
last_is_red,0.9894736842105263,0.1899999976158142
exists_blue_before_last,0.9878048780487805,0.16200000047683716
last_is_small,0.9855072463768116,0.2720000147819519
last_is_yellow,0.9841269841269841,0.06199999898672104
has_magenta,0.982078853046595,0.2840000092983246
has_stack,0.9813664596273292,0.15800000727176666
has_small,0.9806259314456036,0.6639999747276306
has_side_by_side,0.9806094182825484,0.3540000021457672
has_square,0.9781659388646288,0.4659999907016754
has_cyan,0.9745454545454545,0.27000001072883606
has_large,0.9695024077046549,0.6359999775886536
exists_circle_before_last,0.9647887323943662,0.28200000524520874
last_is_blue,0.9473684210526315,0.07199999690055847
last_is_cyan,0.9473684210526315,0.07199999690055847
last_is_magenta,0.9318181818181818,0.0820000022649765
first_last_same_shape,0.9107142857142857,0.6899999976158142
two_or_three_squares_stack,0.9090909090909091,0.019999999552965164
first_last_same_color,0.8959435626102292,0.6060000061988831
two_or_three_squares_side_by_side,0.875,0.041999999433755875
first_last_same_size,0.8351648351648352,0.800000011920929
triangle_square_stack,0.8292682926829268,0.03400000184774399
side_by_side_same_size,0.7577639751552795,0.14000000059604645
stack_same_size,0.6896551724137931,0.08399999886751175
two_circles_side_by_side,0.6666666666666666,0.026000000536441803
triangle_square_share_color,0.6542056074766355,0.07999999821186066
