task_id,task,concept,mean_abs_change,mean_score_drop
0,triangle vs any,has_triangle,0.012326478026807308,0.012326478026807308
1,square vs any,has_triangle,0.007229917217046022,-0.007229917217046022
2,circle vs any,has_triangle,0.017838753759860992,-0.017838753759860992
3,red vs any,has_triangle,0.0068494463339447975,0.0068494463339447975
4,green vs any,has_triangle,0.0008292007260024548,-0.0008292007260024548
5,blue vs any,has_triangle,0.008783642202615738,0.008783642202615738
6,cyan vs any,has_triangle,0.00462262611836195,-0.00462262611836195
7,magenta vs any,has_triangle,0.0066427565179765224,0.0066427565179765224
8,yellow vs any,has_triangle,0.01400501374155283,-0.01400501374155283
9,red triangle on the right,has_triangle,0.0009893440874293447,0.0009893440874293447
10,red triangle on the right and arbitrary objects,has_triangle,0.004470000043511391,-0.004470000043511391
11,red triangle on the right and at least one circle and arbitrary objects,has_triangle,0.006660505663603544,-0.006660505663603544
12,red triangle on the right and at least one blue object and arbitrary objects,has_triangle,0.02379845641553402,-0.02379845641553402
13,"triangle and square, same color",has_triangle,0.024946684017777443,0.024946684017777443
14,palindrome aba,has_triangle,0.02826080285012722,-0.02826080285012722
15,house,has_triangle,0.018306881189346313,0.018306881189346313
16,car,has_triangle,0.021071428433060646,-0.021071428433060646
17,tower,has_triangle,0.008030691184103489,-0.008030691184103489
18,wagon,has_triangle,0.0050154197961091995,-0.0050154197961091995
19,traffic light,has_triangle,0.006465952377766371,0.006465952377766371
0,triangle vs any,has_square,0.00445321062579751,-0.00445321062579751
1,square vs any,has_square,0.01818528212606907,0.01818528212606907
2,circle vs any,has_square,0.006299695931375027,-0.006299695931375027
3,red vs any,has_square,0.009934073314070702,0.009934073314070702
4,green vs any,has_square,0.012928009033203125,-0.012928009033203125
5,blue vs any,has_square,0.0007150316378101707,0.0007150316378101707
6,cyan vs any,has_square,0.000487836601678282,0.000487836601678282
7,magenta vs any,has_square,0.00603016372770071,-0.00603016372770071
8,yellow vs any,has_square,0.005335139110684395,0.005335139110684395
9,red triangle on the right,has_square,0.01379493996500969,-0.01379493996500969
10,red triangle on the right and arbitrary objects,has_square,0.02034778892993927,0.02034778892993927
11,red triangle on the right and at least one circle and arbitrary objects,has_square,0.028342150151729584,-0.028342150151729584
12,red triangle on the right and at least one blue object and arbitrary objects,has_square,0.00023398161283694208,0.00023398161283694208
13,"triangle and square, same color",has_square,0.04753461852669716,0.04753461852669716
14,palindrome aba,has_square,0.003974014427512884,0.003974014427512884
15,house,has_square,0.0027807927690446377,0.0027807927690446377
16,car,has_square,0.01803068071603775,-0.01803068071603775
17,tower,has_square,0.008407600224018097,0.008407600224018097
18,wagon,has_square,0.041340894997119904,0.041340894997119904
19,traffic light,has_square,0.004926357418298721,0.004926357418298721
0,triangle vs any,has_circle,0.013460451737046242,-0.013460451737046242
1,square vs any,has_circle,0.004614127799868584,-0.004614127799868584
2,circle vs any,has_circle,0.03694571927189827,0.03694571927189827
3,red vs any,has_circle,0.0073323724791407585,-0.0073323724791407585
4,green vs any,has_circle,0.016917873173952103,0.016917873173952103
5,blue vs any,has_circle,0.0036652684211730957,0.0036652684211730957
6,cyan vs any,has_circle,0.013169098645448685,0.013169098645448685
7,magenta vs any,has_circle,0.014374399557709694,-0.014374399557709694
8,yellow vs any,has_circle,0.0019491278799250722,0.0019491278799250722
9,red triangle on the right,has_circle,0.002811904065310955,0.002811904065310955
10,red triangle on the right and arbitrary objects,has_circle,0.0075341179035604,-0.0075341179035604
11,red triangle on the right and at least one circle and arbitrary objects,has_circle,0.0068334732204675674,-0.0068334732204675674
12,red triangle on the right and at least one blue object and arbitrary objects,has_circle,0.011985307559370995,0.011985307559370995
13,"triangle and square, same color",has_circle,0.0015058981953188777,-0.0015058981953188777
14,palindrome aba,has_circle,0.009335184469819069,-0.009335184469819069
15,house,has_circle,0.003993898630142212,-0.003993898630142212
16,car,has_circle,0.0003911721578333527,-0.0003911721578333527
17,tower,has_circle,0.02172957919538021,-0.02172957919538021
18,wagon,has_circle,0.016470450907945633,-0.016470450907945633
19,traffic light,has_circle,0.010039793327450752,0.010039793327450752
0,triangle vs any,has_red,0.00607313634827733,-0.00607313634827733
1,square vs any,has_red,0.002213376807048917,-0.002213376807048917
2,circle vs any,has_red,0.006676776334643364,0.006676776334643364
3,red vs any,has_red,0.02931370586156845,0.02931370586156845
4,green vs any,has_red,0.015904437750577927,-0.015904437750577927
5,blue vs any,has_red,0.0054296026937663555,-0.0054296026937663555
6,cyan vs any,has_red,0.005317069124430418,-0.005317069124430418
7,magenta vs any,has_red,0.00859125517308712,-0.00859125517308712
8,yellow vs any,has_red,0.001888213213533163,-0.001888213213533163
9,red triangle on the right,has_red,0.02567737177014351,0.02567737177014351
10,red triangle on the right and arbitrary objects,has_red,0.04850734397768974,0.04850734397768974
11,red triangle on the right and at least one circle and arbitrary objects,has_red,0.013613292947411537,0.013613292947411537
12,red triangle on the right and at least one blue object and arbitrary objects,has_red,0.009086749516427517,-0.009086749516427517
13,"triangle and square, same color",has_red,0.026415325701236725,-0.026415325701236725
14,palindrome aba,has_red,0.0038574945647269487,0.0038574945647269487
15,house,has_red,0.012627137824892998,0.012627137824892998
16,car,has_red,0.01504700630903244,-0.01504700630903244
17,tower,has_red,0.020367179065942764,-0.020367179065942764
18,wagon,has_red,0.00945385079830885,-0.00945385079830885
19,traffic light,has_red,0.004763685632497072,0.004763685632497072
0,triangle vs any,has_green,0.0005741715431213379,-0.0005741715431213379
1,square vs any,has_green,0.002243858529254794,-0.002243858529254794
2,circle vs any,has_green,0.002718124305829406,-0.002718124305829406
3,red vs any,has_green,0.012445751577615738,-0.012445751577615738
4,green vs any,has_green,0.01416751742362976,0.01416751742362976
5,blue vs any,has_green,0.00030810595490038395,-0.00030810595490038395
6,cyan vs any,has_green,0.017036955803632736,-0.017036955803632736
7,magenta vs any,has_green,0.0048114098608493805,-0.0048114098608493805
8,yellow vs any,has_green,0.01422235369682312,-0.01422235369682312
9,red triangle on the right,has_green,0.01847383938729763,-0.01847383938729763
10,red triangle on the right and arbitrary objects,has_green,0.033962734043598175,-0.033962734043598175
11,red triangle on the right and at least one circle and arbitrary objects,has_green,0.0007868134998716414,-0.0007868134998716414
12,red triangle on the right and at least one blue object and arbitrary objects,has_green,0.010556560009717941,-0.010556560009717941
13,"triangle and square, same color",has_green,0.00348462350666523,-0.00348462350666523
14,palindrome aba,has_green,0.001461797975935042,-0.001461797975935042
15,house,has_green,0.007274634670466185,-0.007274634670466185
16,car,has_green,0.009675374254584312,-0.009675374254584312
17,tower,has_green,0.007381086237728596,-0.007381086237728596
18,wagon,has_green,0.009493724443018436,0.009493724443018436
19,traffic light,has_green,0.008453704416751862,0.008453704416751862
0,triangle vs any,has_blue,0.003516193712130189,-0.003516193712130189
1,square vs any,has_blue,0.005355342756956816,-0.005355342756956816
2,circle vs any,has_blue,0.0032620299607515335,0.0032620299607515335
3,red vs any,has_blue,0.009106661193072796,-0.009106661193072796
4,green vs any,has_blue,0.012655803933739662,-0.012655803933739662
5,blue vs any,has_blue,0.02800700254738331,0.02800700254738331
6,cyan vs any,has_blue,0.0004037237085867673,-0.0004037237085867673
7,magenta vs any,has_blue,0.009998557157814503,-0.009998557157814503
8,yellow vs any,has_blue,0.013716334477066994,-0.013716334477066994
9,red triangle on the right,has_blue,0.011828279122710228,-0.011828279122710228
10,red triangle on the right and arbitrary objects,has_blue,0.009643541648983955,0.009643541648983955
11,red triangle on the right and at least one circle and arbitrary objects,has_blue,5.063176286057569e-05,5.063176286057569e-05
12,red triangle on the right and at least one blue object and arbitrary objects,has_blue,0.020949574187397957,0.020949574187397957
13,"triangle and square, same color",has_blue,0.0015335094649344683,-0.0015335094649344683
14,palindrome aba,has_blue,0.0012804674915969372,0.0012804674915969372
15,house,has_blue,0.0038614452350884676,-0.0038614452350884676
16,car,has_blue,0.0035363996867090464,-0.0035363996867090464
17,tower,has_blue,0.005212156567722559,0.005212156567722559
18,wagon,has_blue,0.006329826079308987,0.006329826079308987
19,traffic light,has_blue,0.025861773639917374,-0.025861773639917374
0,triangle vs any,has_cyan,0.0022633683402091265,0.0022633683402091265
1,square vs any,has_cyan,0.0018721556989476085,0.0018721556989476085
2,circle vs any,has_cyan,0.0015554034616798162,-0.0015554034616798162
3,red vs any,has_cyan,0.0016550994478166103,-0.0016550994478166103
4,green vs any,has_cyan,0.002289943629875779,0.002289943629875779
5,blue vs any,has_cyan,0.010040299966931343,-0.010040299966931343
6,cyan vs any,has_cyan,0.009985603392124176,0.009985603392124176
7,magenta vs any,has_cyan,0.009256819263100624,-0.009256819263100624
8,yellow vs any,has_cyan,0.010868835262954235,-0.010868835262954235
9,red triangle on the right,has_cyan,0.006117681041359901,-0.006117681041359901
10,red triangle on the right and arbitrary objects,has_cyan,0.018479613587260246,-0.018479613587260246
11,red triangle on the right and at least one circle and arbitrary objects,has_cyan,0.0059119355864822865,-0.0059119355864822865
12,red triangle on the right and at least one blue object and arbitrary objects,has_cyan,0.01267650444060564,-0.01267650444060564
13,"triangle and square, same color",has_cyan,0.011616624891757965,-0.011616624891757965
14,palindrome aba,has_cyan,0.013772637583315372,-0.013772637583315372
15,house,has_cyan,0.006462193559855223,-0.006462193559855223
16,car,has_cyan,0.011926786042749882,-0.011926786042749882
17,tower,has_cyan,0.00030486463219858706,-0.00030486463219858706
18,wagon,has_cyan,0.0033904945012181997,-0.0033904945012181997
19,traffic light,has_cyan,0.004389498382806778,0.004389498382806778
0,triangle vs any,has_magenta,0.002051831455901265,0.002051831455901265
1,square vs any,has_magenta,0.005453886929899454,-0.005453886929899454
2,circle vs any,has_magenta,0.009438212029635906,0.009438212029635906
3,red vs any,has_magenta,0.00032972454209811985,-0.00032972454209811985
4,green vs any,has_magenta,0.011884567327797413,-0.011884567327797413
5,blue vs any,has_magenta,0.0010112464660778642,-0.0010112464660778642
6,cyan vs any,has_magenta,0.0031050622928887606,-0.0031050622928887606
7,magenta vs any,has_magenta,0.018649188801646233,0.018649188801646233
8,yellow vs any,has_magenta,0.0020077060908079147,-0.0020077060908079147
9,red triangle on the right,has_magenta,0.010614481754601002,0.010614481754601002
10,red triangle on the right and arbitrary objects,has_magenta,0.005688434932380915,-0.005688434932380915
11,red triangle on the right and at least one circle and arbitrary objects,has_magenta,0.01403653621673584,-0.01403653621673584
12,red triangle on the right and at least one blue object and arbitrary objects,has_magenta,0.014388317242264748,-0.014388317242264748
13,"triangle and square, same color",has_magenta,0.006529077421873808,-0.006529077421873808
14,palindrome aba,has_magenta,0.008114468306303024,0.008114468306303024
15,house,has_magenta,0.02081064134836197,-0.02081064134836197
16,car,has_magenta,0.0034570670686662197,0.0034570670686662197
17,tower,has_magenta,0.01447107084095478,-0.01447107084095478
18,wagon,has_magenta,0.00839761458337307,0.00839761458337307
19,traffic light,has_magenta,0.0024634110741317272,-0.0024634110741317272
0,triangle vs any,has_yellow,0.008880036883056164,-0.008880036883056164
1,square vs any,has_yellow,0.003642548341304064,-0.003642548341304064
2,circle vs any,has_yellow,0.002120877616107464,0.002120877616107464
3,red vs any,has_yellow,0.0023397516924887896,-0.0023397516924887896
4,green vs any,has_yellow,0.00186702492646873,-0.00186702492646873
5,blue vs any,has_yellow,0.007106543984264135,-0.007106543984264135
6,cyan vs any,has_yellow,0.012737547047436237,-0.012737547047436237
7,magenta vs any,has_yellow,0.005266068037599325,-0.005266068037599325
8,yellow vs any,has_yellow,0.017702925950288773,0.017702925950288773
9,red triangle on the right,has_yellow,0.0038922501262277365,-0.0038922501262277365
10,red triangle on the right and arbitrary objects,has_yellow,0.016019392758607864,0.016019392758607864
11,red triangle on the right and at least one circle and arbitrary objects,has_yellow,0.0003107917436864227,-0.0003107917436864227
12,red triangle on the right and at least one blue object and arbitrary objects,has_yellow,0.005658402573317289,-0.005658402573317289
13,"triangle and square, same color",has_yellow,0.001973528880625963,-0.001973528880625963
14,palindrome aba,has_yellow,0.0036637424491345882,0.0036637424491345882
15,house,has_yellow,0.004351002164185047,0.004351002164185047
16,car,has_yellow,0.008886230178177357,-0.008886230178177357
17,tower,has_yellow,0.005937391426414251,0.005937391426414251
18,wagon,has_yellow,0.0007226878660731018,-0.0007226878660731018
19,traffic light,has_yellow,0.0008412313181906939,-0.0008412313181906939
0,triangle vs any,has_small,0.007411332335323095,-0.007411332335323095
1,square vs any,has_small,0.013371373526751995,-0.013371373526751995
2,circle vs any,has_small,0.005019042640924454,0.005019042640924454
3,red vs any,has_small,0.005533293355256319,-0.005533293355256319
4,green vs any,has_small,0.022676413878798485,-0.022676413878798485
5,blue vs any,has_small,0.0037679029628634453,-0.0037679029628634453
6,cyan vs any,has_small,0.00559755926951766,-0.00559755926951766
7,magenta vs any,has_small,0.015652429312467575,0.015652429312467575
8,yellow vs any,has_small,0.017765456810593605,0.017765456810593605
9,red triangle on the right,has_small,0.01389171089977026,0.01389171089977026
10,red triangle on the right and arbitrary objects,has_small,0.0352310985326767,0.0352310985326767
11,red triangle on the right and at least one circle and arbitrary objects,has_small,0.015198508277535439,-0.015198508277535439
12,red triangle on the right and at least one blue object and arbitrary objects,has_small,0.008136484771966934,0.008136484771966934
13,"triangle and square, same color",has_small,0.025332754477858543,-0.025332754477858543
14,palindrome aba,has_small,0.014847862534224987,0.014847862534224987
15,house,has_small,0.01840638928115368,-0.01840638928115368
16,car,has_small,0.012903047725558281,-0.012903047725558281
17,tower,has_small,0.03577275574207306,-0.03577275574207306
18,wagon,has_small,0.02587178535759449,-0.02587178535759449
19,traffic light,has_small,0.03204193711280823,0.03204193711280823
0,triangle vs any,has_large,0.018527165055274963,-0.018527165055274963
1,square vs any,has_large,0.004134193528443575,0.004134193528443575
2,circle vs any,has_large,0.00593202468007803,0.00593202468007803
3,red vs any,has_large,0.01642955094575882,-0.01642955094575882
4,green vs any,has_large,0.003010648535564542,-0.003010648535564542
5,blue vs any,has_large,0.025270575657486916,0.025270575657486916
6,cyan vs any,has_large,0.01499449647963047,-0.01499449647963047
7,magenta vs any,has_large,0.009056532755494118,0.009056532755494118
8,yellow vs any,has_large,0.008378148078918457,-0.008378148078918457
9,red triangle on the right,has_large,0.03690281882882118,0.03690281882882118
10,red triangle on the right and arbitrary objects,has_large,0.008668431080877781,-0.008668431080877781
11,red triangle on the right and at least one circle and arbitrary objects,has_large,0.036483872681856155,0.036483872681856155
12,red triangle on the right and at least one blue object and arbitrary objects,has_large,0.0034242058172822,-0.0034242058172822
13,"triangle and square, same color",has_large,0.013747022487223148,0.013747022487223148
14,palindrome aba,has_large,0.007489206735044718,0.007489206735044718
15,house,has_large,0.020155401900410652,-0.020155401900410652
16,car,has_large,0.0012739025987684727,0.0012739025987684727
17,tower,has_large,0.02106400951743126,0.02106400951743126
18,wagon,has_large,0.018862295895814896,0.018862295895814896
19,traffic light,has_large,0.0178911704570055,-0.0178911704570055
0,triangle vs any,last_is_triangle,0.0011080396361649036,0.0011080396361649036
1,square vs any,last_is_triangle,0.0010847747325897217,-0.0010847747325897217
2,circle vs any,last_is_triangle,0.0006469535874202847,-0.0006469535874202847
3,red vs any,last_is_triangle,4.69326987513341e-05,-4.69326987513341e-05
4,green vs any,last_is_triangle,0.00034921884071081877,-0.00034921884071081877
5,blue vs any,last_is_triangle,0.0006904149195179343,-0.0006904149195179343
6,cyan vs any,last_is_triangle,0.00011893510964000598,0.00011893510964000598
7,magenta vs any,last_is_triangle,0.0002611363015603274,0.0002611363015603274
8,yellow vs any,last_is_triangle,9.850502101471648e-05,9.850502101471648e-05
9,red triangle on the right,last_is_triangle,0.04438060149550438,0.04438060149550438
10,red triangle on the right and arbitrary objects,last_is_triangle,0.037205133587121964,0.037205133587121964
11,red triangle on the right and at least one circle and arbitrary objects,last_is_triangle,0.001395001425407827,-0.001395001425407827
12,red triangle on the right and at least one blue object and arbitrary objects,last_is_triangle,0.0014126121532171965,0.0014126121532171965
13,"triangle and square, same color",last_is_triangle,0.0006959271267987788,0.0006959271267987788
14,palindrome aba,last_is_triangle,0.00024597643641754985,0.00024597643641754985
15,house,last_is_triangle,9.67144933383679e-06,-9.67144933383679e-06
16,car,last_is_triangle,0.018202591687440872,-0.018202591687440872
17,tower,last_is_triangle,0.017474543303251266,-0.017474543303251266
18,wagon,last_is_triangle,0.002864048583433032,-0.002864048583433032
19,traffic light,last_is_triangle,0.0004159164382144809,-0.0004159164382144809
0,triangle vs any,last_is_square,7.940411887830123e-05,7.940411887830123e-05
1,square vs any,last_is_square,0.0002201056486228481,0.0002201056486228481
2,circle vs any,last_is_square,0.00022036790323909372,-0.00022036790323909372
3,red vs any,last_is_square,2.6837587938643992e-05,-2.6837587938643992e-05
4,green vs any,last_is_square,9.23693150980398e-05,9.23693150980398e-05
5,blue vs any,last_is_square,6.552815466420725e-05,-6.552815466420725e-05
6,cyan vs any,last_is_square,1.2280940609343816e-05,1.2280940609343816e-05
7,magenta vs any,last_is_square,6.789564940845594e-05,-6.789564940845594e-05
8,yellow vs any,last_is_square,3.918409493053332e-05,3.918409493053332e-05
9,red triangle on the right,last_is_square,0.007009136490523815,-0.007009136490523815
10,red triangle on the right and arbitrary objects,last_is_square,0.006252518855035305,-0.006252518855035305
11,red triangle on the right and at least one circle and arbitrary objects,last_is_square,0.006581998895853758,-0.006581998895853758
12,red triangle on the right and at least one blue object and arbitrary objects,last_is_square,0.0007639610557816923,-0.0007639610557816923
13,"triangle and square, same color",last_is_square,0.021458066999912262,0.021458066999912262
14,palindrome aba,last_is_square,0.010015299543738365,0.010015299543738365
15,house,last_is_square,0.014920775778591633,0.014920775778591633
16,car,last_is_square,0.00012022972077829763,-0.00012022972077829763
17,tower,last_is_square,0.02838750369846821,0.02838750369846821
18,wagon,last_is_square,0.038102395832538605,0.038102395832538605
19,traffic light,last_is_square,0.0011146951001137495,-0.0011146951001137495
0,triangle vs any,last_is_circle,6.443977326853201e-05,-6.443977326853201e-05
1,square vs any,last_is_circle,1.9425153368501924e-05,1.9425153368501924e-05
2,circle vs any,last_is_circle,9.731292811920866e-05,9.731292811920866e-05
3,red vs any,last_is_circle,7.202863343991339e-05,-7.202863343991339e-05
4,green vs any,last_is_circle,9.753108315635473e-05,-9.753108315635473e-05
5,blue vs any,last_is_circle,6.539344758493826e-05,6.539344758493826e-05
6,cyan vs any,last_is_circle,0.00010685443703550845,0.00010685443703550845
7,magenta vs any,last_is_circle,3.19743157888297e-05,3.19743157888297e-05
8,yellow vs any,last_is_circle,9.70542459981516e-05,-9.70542459981516e-05
9,red triangle on the right,last_is_circle,0.00488453172147274,-0.00488453172147274
10,red triangle on the right and arbitrary objects,last_is_circle,0.008740224875509739,-0.008740224875509739
11,red triangle on the right and at least one circle and arbitrary objects,last_is_circle,0.007772635202854872,-0.007772635202854872
12,red triangle on the right and at least one blue object and arbitrary objects,last_is_circle,0.00632820837199688,-0.00632820837199688
13,"triangle and square, same color",last_is_circle,0.0001508712739450857,-0.0001508712739450857
14,palindrome aba,last_is_circle,0.013434204272925854,0.013434204272925854
15,house,last_is_circle,0.01022318284958601,-0.01022318284958601
16,car,last_is_circle,0.003161315806210041,-0.003161315806210041
17,tower,last_is_circle,0.005416802130639553,-0.005416802130639553
18,wagon,last_is_circle,0.0012240189826115966,-0.0012240189826115966
19,traffic light,last_is_circle,0.014651825651526451,0.014651825651526451
0,triangle vs any,last_is_red,0.000115777256723959,0.000115777256723959
1,square vs any,last_is_red,0.00015020728460513055,0.00015020728460513055
2,circle vs any,last_is_red,8.795261237537488e-05,-8.795261237537488e-05
3,red vs any,last_is_red,5.600809890893288e-05,5.600809890893288e-05
4,green vs any,last_is_red,4.5933724322821945e-05,-4.5933724322821945e-05
5,blue vs any,last_is_red,8.712053386261687e-05,-8.712053386261687e-05
6,cyan vs any,last_is_red,1.932025043061003e-05,-1.932025043061003e-05
7,magenta vs any,last_is_red,0.00011993527732556686,-0.00011993527732556686
8,yellow vs any,last_is_red,0.00010570168524282053,-0.00010570168524282053
9,red triangle on the right,last_is_red,0.020726392045617104,0.020726392045617104
10,red triangle on the right and arbitrary objects,last_is_red,0.0576682947576046,0.0576682947576046
11,red triangle on the right and at least one circle and arbitrary objects,last_is_red,0.03061918169260025,0.03061918169260025
12,red triangle on the right and at least one blue object and arbitrary objects,last_is_red,0.03351001814007759,0.03351001814007759
13,"triangle and square, same color",last_is_red,0.006232327315956354,-0.006232327315956354
14,palindrome aba,last_is_red,0.01690158247947693,0.01690158247947693
15,house,last_is_red,0.004356486722826958,0.004356486722826958
16,car,last_is_red,0.0035768889356404543,-0.0035768889356404543
17,tower,last_is_red,0.007355953566730022,0.007355953566730022
18,wagon,last_is_red,0.0071295443922281265,-0.0071295443922281265
19,traffic light,last_is_red,0.010194328613579273,-0.010194328613579273
0,triangle vs any,last_is_green,1.4961958186177071e-05,-1.4961958186177071e-05
1,square vs any,last_is_green,0.00012944340414833277,0.00012944340414833277
2,circle vs any,last_is_green,0.0002138483541784808,-0.0002138483541784808
3,red vs any,last_is_green,7.98940618551569e-06,7.98940618551569e-06
4,green vs any,last_is_green,0.0007169235032051802,0.0007169235032051802
5,blue vs any,last_is_green,0.00011126756726298481,-0.00011126756726298481
6,cyan vs any,last_is_green,3.908514918293804e-05,-3.908514918293804e-05
7,magenta vs any,last_is_green,3.835916504613124e-05,-3.835916504613124e-05
8,yellow vs any,last_is_green,9.345650323666632e-05,-9.345650323666632e-05
9,red triangle on the right,last_is_green,0.007606625556945801,-0.007606625556945801
10,red triangle on the right and arbitrary objects,last_is_green,0.0056477808393538,-0.0056477808393538
11,red triangle on the right and at least one circle and arbitrary objects,last_is_green,0.0001984238624572754,-0.0001984238624572754
12,red triangle on the right and at least one blue object and arbitrary objects,last_is_green,0.00021597265731543303,-0.00021597265731543303
13,"triangle and square, same color",last_is_green,0.0023746693041175604,0.0023746693041175604
14,palindrome aba,last_is_green,0.001861106138676405,-0.001861106138676405
15,house,last_is_green,0.0019350290531292558,0.0019350290531292558
16,car,last_is_green,0.005314750596880913,-0.005314750596880913
17,tower,last_is_green,0.0024348245933651924,-0.0024348245933651924
18,wagon,last_is_green,0.00018410742632113397,0.00018410742632113397
19,traffic light,last_is_green,0.002014222089201212,-0.002014222089201212
0,triangle vs any,last_is_blue,0.00016027450328692794,0.00016027450328692794
1,square vs any,last_is_blue,6.242513336474076e-05,-6.242513336474076e-05
2,circle vs any,last_is_blue,4.6344994188984856e-05,-4.6344994188984856e-05
3,red vs any,last_is_blue,0.0005811059381812811,-0.0005811059381812811
4,green vs any,last_is_blue,0.00018479466962162405,0.00018479466962162405
5,blue vs any,last_is_blue,0.0015049242647364736,0.0015049242647364736
6,cyan vs any,last_is_blue,0.00011544465814949945,-0.00011544465814949945
7,magenta vs any,last_is_blue,0.000258313404629007,-0.000258313404629007
8,yellow vs any,last_is_blue,1.0740757261373801e-06,1.0740757261373801e-06
9,red triangle on the right,last_is_blue,0.010101992636919022,-0.010101992636919022
10,red triangle on the right and arbitrary objects,last_is_blue,0.0005494439392350614,-0.0005494439392350614
11,red triangle on the right and at least one circle and arbitrary objects,last_is_blue,0.0016896199667826295,-0.0016896199667826295
12,red triangle on the right and at least one blue object and arbitrary objects,last_is_blue,0.0031193685717880726,-0.0031193685717880726
13,"triangle and square, same color",last_is_blue,0.010243883356451988,0.010243883356451988
14,palindrome aba,last_is_blue,0.0008128833724185824,0.0008128833724185824
15,house,last_is_blue,0.004117850214242935,0.004117850214242935
16,car,last_is_blue,0.007774281315505505,0.007774281315505505
17,tower,last_is_blue,0.0040998756885528564,-0.0040998756885528564
18,wagon,last_is_blue,0.000175482637132518,-0.000175482637132518
19,traffic light,last_is_blue,0.0177666824311018,-0.0177666824311018
0,triangle vs any,last_is_cyan,5.09726996824611e-05,5.09726996824611e-05
1,square vs any,last_is_cyan,1.0225772712146863e-05,1.0225772712146863e-05
2,circle vs any,last_is_cyan,7.578134682262316e-05,7.578134682262316e-05
3,red vs any,last_is_cyan,7.077693589963019e-05,-7.077693589963019e-05
4,green vs any,last_is_cyan,0.00011806130351033062,0.00011806130351033062
5,blue vs any,last_is_cyan,7.179021486081183e-05,-7.179021486081183e-05
6,cyan vs any,last_is_cyan,3.16989426210057e-05,-3.16989426210057e-05
7,magenta vs any,last_is_cyan,2.5459528842475265e-05,-2.5459528842475265e-05
8,yellow vs any,last_is_cyan,2.7743577447836287e-05,2.7743577447836287e-05
9,red triangle on the right,last_is_cyan,0.000929388974327594,-0.000929388974327594
10,red triangle on the right and arbitrary objects,last_is_cyan,0.0003568792308215052,-0.0003568792308215052
11,red triangle on the right and at least one circle and arbitrary objects,last_is_cyan,8.34226648294134e-06,-8.34226648294134e-06
12,red triangle on the right and at least one blue object and arbitrary objects,last_is_cyan,0.002043728716671467,-0.002043728716671467
13,"triangle and square, same color",last_is_cyan,0.005739203654229641,-0.005739203654229641
14,palindrome aba,last_is_cyan,0.0046971882693469524,-0.0046971882693469524
15,house,last_is_cyan,0.0064206053502857685,0.0064206053502857685
16,car,last_is_cyan,0.00997447595000267,0.00997447595000267
17,tower,last_is_cyan,0.00499234814196825,-0.00499234814196825
18,wagon,last_is_cyan,0.006352056283503771,0.006352056283503771
19,traffic light,last_is_cyan,0.008977975696325302,-0.008977975696325302
0,triangle vs any,last_is_magenta,0.00011317372263874859,0.00011317372263874859
1,square vs any,last_is_magenta,0.00022750139760319144,-0.00022750139760319144
2,circle vs any,last_is_magenta,0.00015637994511052966,0.00015637994511052966
3,red vs any,last_is_magenta,1.0406970432086382e-06,1.0406970432086382e-06
4,green vs any,last_is_magenta,0.00015860915300436318,-0.00015860915300436318
5,blue vs any,last_is_magenta,0.00017960906552616507,-0.00017960906552616507
6,cyan vs any,last_is_magenta,0.00010943770757876337,-0.00010943770757876337
7,magenta vs any,last_is_magenta,2.7010441044694744e-05,-2.7010441044694744e-05
8,yellow vs any,last_is_magenta,5.4851770983077586e-05,5.4851770983077586e-05
9,red triangle on the right,last_is_magenta,0.0005302035715430975,0.0005302035715430975
10,red triangle on the right and arbitrary objects,last_is_magenta,0.00571721326559782,-0.00571721326559782
11,red triangle on the right and at least one circle and arbitrary objects,last_is_magenta,0.0017921412363648415,-0.0017921412363648415
12,red triangle on the right and at least one blue object and arbitrary objects,last_is_magenta,9.138703171629459e-05,-9.138703171629459e-05
13,"triangle and square, same color",last_is_magenta,0.003253109520301223,-0.003253109520301223
14,palindrome aba,last_is_magenta,0.0033627962693572044,0.0033627962693572044
15,house,last_is_magenta,0.010994783602654934,-0.010994783602654934
16,car,last_is_magenta,0.0014287340454757214,-0.0014287340454757214
17,tower,last_is_magenta,0.0011194980470463634,-0.0011194980470463634
18,wagon,last_is_magenta,0.005935655906796455,-0.005935655906796455
19,traffic light,last_is_magenta,0.0005408871220424771,-0.0005408871220424771
0,triangle vs any,last_is_yellow,0.0001227116590598598,0.0001227116590598598
1,square vs any,last_is_yellow,7.336735870921984e-05,7.336735870921984e-05
2,circle vs any,last_is_yellow,4.0271283069159836e-05,-4.0271283069159836e-05
3,red vs any,last_is_yellow,0.0001499843638157472,0.0001499843638157472
4,green vs any,last_is_yellow,0.0004706788167823106,-0.0004706788167823106
5,blue vs any,last_is_yellow,7.570028537884355e-05,7.570028537884355e-05
6,cyan vs any,last_is_yellow,0.00013750433572568,0.00013750433572568
7,magenta vs any,last_is_yellow,0.00011254668061155826,-0.00011254668061155826
8,yellow vs any,last_is_yellow,0.00037562966463156044,0.00037562966463156044
9,red triangle on the right,last_is_yellow,0.0018389272736385465,-0.0018389272736385465
10,red triangle on the right and arbitrary objects,last_is_yellow,7.481336797354743e-05,-7.481336797354743e-05
11,red triangle on the right and at least one circle and arbitrary objects,last_is_yellow,0.0020274401176720858,-0.0020274401176720858
12,red triangle on the right and at least one blue object and arbitrary objects,last_is_yellow,0.006013884674757719,-0.006013884674757719
13,"triangle and square, same color",last_is_yellow,0.0005016017239540815,-0.0005016017239540815
14,palindrome aba,last_is_yellow,0.0035376418381929398,-0.0035376418381929398
15,house,last_is_yellow,0.0005348968552425504,-0.0005348968552425504
16,car,last_is_yellow,0.0033249985426664352,-0.0033249985426664352
17,tower,last_is_yellow,0.003969284240156412,0.003969284240156412
18,wagon,last_is_yellow,0.0017499226378276944,0.0017499226378276944
19,traffic light,last_is_yellow,0.001196041121147573,0.001196041121147573
0,triangle vs any,last_is_small,0.00012924314069096,0.00012924314069096
1,square vs any,last_is_small,0.00030395746580325067,-0.00030395746580325067
2,circle vs any,last_is_small,2.5646686481195502e-05,-2.5646686481195502e-05
3,red vs any,last_is_small,9.760856300999876e-06,-9.760856300999876e-06
4,green vs any,last_is_small,0.0003927504876628518,-0.0003927504876628518
5,blue vs any,last_is_small,0.00042255164589732885,0.00042255164589732885
6,cyan vs any,last_is_small,3.268957152613439e-05,-3.268957152613439e-05
7,magenta vs any,last_is_small,0.00016813397814985365,0.00016813397814985365
8,yellow vs any,last_is_small,3.5822390600515064e-06,-3.5822390600515064e-06
9,red triangle on the right,last_is_small,0.005408942699432373,-0.005408942699432373
10,red triangle on the right and arbitrary objects,last_is_small,0.009187141433358192,-0.009187141433358192
11,red triangle on the right and at least one circle and arbitrary objects,last_is_small,0.01819532923400402,0.01819532923400402
12,red triangle on the right and at least one blue object and arbitrary objects,last_is_small,0.00010920524800894782,0.00010920524800894782
13,"triangle and square, same color",last_is_small,0.009021908976137638,0.009021908976137638
14,palindrome aba,last_is_small,0.015522576868534088,-0.015522576868534088
15,house,last_is_small,0.028810154646635056,0.028810154646635056
16,car,last_is_small,0.019683293998241425,0.019683293998241425
17,tower,last_is_small,0.0013585805427283049,0.0013585805427283049
18,wagon,last_is_small,0.02507125586271286,-0.02507125586271286
19,traffic light,last_is_small,0.014503764919936657,0.014503764919936657
0,triangle vs any,last_is_large,8.299470209749416e-05,8.299470209749416e-05
1,square vs any,last_is_large,1.984000118682161e-05,1.984000118682161e-05
2,circle vs any,last_is_large,0.00025107263354584575,-0.00025107263354584575
3,red vs any,last_is_large,5.402564966061618e-06,5.402564966061618e-06
4,green vs any,last_is_large,0.0004405844083521515,0.0004405844083521515
5,blue vs any,last_is_large,0.00020784855587407947,0.00020784855587407947
6,cyan vs any,last_is_large,0.00016509770648553967,-0.00016509770648553967
7,magenta vs any,last_is_large,0.0001352870458504185,-0.0001352870458504185
8,yellow vs any,last_is_large,0.0002203655312769115,-0.0002203655312769115
9,red triangle on the right,last_is_large,0.006398347672075033,-0.006398347672075033
10,red triangle on the right and arbitrary objects,last_is_large,0.007758521940559149,0.007758521940559149
11,red triangle on the right and at least one circle and arbitrary objects,last_is_large,0.021560292690992355,0.021560292690992355
12,red triangle on the right and at least one blue object and arbitrary objects,last_is_large,0.015039120800793171,-0.015039120800793171
13,"triangle and square, same color",last_is_large,0.004507583566009998,-0.004507583566009998
14,palindrome aba,last_is_large,0.00930408388376236,0.00930408388376236
15,house,last_is_large,0.0026527582667768,-0.0026527582667768
16,car,last_is_large,0.017308305948972702,-0.017308305948972702
17,tower,last_is_large,0.02437097765505314,0.02437097765505314
18,wagon,last_is_large,0.0021390628535300493,0.0021390628535300493
19,traffic light,last_is_large,0.012186901643872261,-0.012186901643872261
0,triangle vs any,first_last_same_shape,0.02978898584842682,0.02978898584842682
1,square vs any,first_last_same_shape,0.0201528612524271,0.0201528612524271
2,circle vs any,first_last_same_shape,0.021261071786284447,0.021261071786284447
3,red vs any,first_last_same_shape,0.017427489161491394,0.017427489161491394
4,green vs any,first_last_same_shape,0.005200393032282591,-0.005200393032282591
5,blue vs any,first_last_same_shape,0.024742282927036285,0.024742282927036285
6,cyan vs any,first_last_same_shape,0.002757624490186572,-0.002757624490186572
7,magenta vs any,first_last_same_shape,0.008963566273450851,0.008963566273450851
8,yellow vs any,first_last_same_shape,0.001700187916867435,0.001700187916867435
9,red triangle on the right,first_last_same_shape,0.005691871512681246,-0.005691871512681246
10,red triangle on the right and arbitrary objects,first_last_same_shape,0.006668504327535629,-0.006668504327535629
11,red triangle on the right and at least one circle and arbitrary objects,first_last_same_shape,7.219076360343024e-05,-7.219076360343024e-05
12,red triangle on the right and at least one blue object and arbitrary objects,first_last_same_shape,0.007013348396867514,0.007013348396867514
13,"triangle and square, same color",first_last_same_shape,6.631612632190809e-05,-6.631612632190809e-05
14,palindrome aba,first_last_same_shape,0.009660246782004833,-0.009660246782004833
15,house,first_last_same_shape,0.007094371132552624,-0.007094371132552624
16,car,first_last_same_shape,0.027790715917944908,0.027790715917944908
17,tower,first_last_same_shape,0.009332526475191116,0.009332526475191116
18,wagon,first_last_same_shape,0.0003192311560269445,0.0003192311560269445
19,traffic light,first_last_same_shape,0.026446599513292313,-0.026446599513292313
0,triangle vs any,first_last_same_color,0.01656400039792061,-0.01656400039792061
1,square vs any,first_last_same_color,0.008545744232833385,-0.008545744232833385
2,circle vs any,first_last_same_color,0.01697899028658867,-0.01697899028658867
3,red vs any,first_last_same_color,0.006207102444022894,-0.006207102444022894
4,green vs any,first_last_same_color,0.030967378988862038,0.030967378988862038
5,blue vs any,first_last_same_color,0.029768362641334534,-0.029768362641334534
6,cyan vs any,first_last_same_color,0.030735736712813377,0.030735736712813377
7,magenta vs any,first_last_same_color,0.016927355900406837,0.016927355900406837
8,yellow vs any,first_last_same_color,0.032693058252334595,0.032693058252334595
9,red triangle on the right,first_last_same_color,0.004123562481254339,-0.004123562481254339
10,red triangle on the right and arbitrary objects,first_last_same_color,0.01765339821577072,-0.01765339821577072
11,red triangle on the right and at least one circle and arbitrary objects,first_last_same_color,0.0036677278112620115,0.0036677278112620115
12,red triangle on the right and at least one blue object and arbitrary objects,first_last_same_color,0.011288037523627281,0.011288037523627281
13,"triangle and square, same color",first_last_same_color,0.012364290654659271,0.012364290654659271
14,palindrome aba,first_last_same_color,0.0018621623748913407,0.0018621623748913407
15,house,first_last_same_color,0.004551798105239868,0.004551798105239868
16,car,first_last_same_color,0.014245651662349701,0.014245651662349701
17,tower,first_last_same_color,0.00037437438732013106,-0.00037437438732013106
18,wagon,first_last_same_color,0.0010727173648774624,-0.0010727173648774624
19,traffic light,first_last_same_color,0.00040734291542321444,-0.00040734291542321444
0,triangle vs any,first_last_same_size,0.016496991738677025,0.016496991738677025
1,square vs any,first_last_same_size,0.02639635093510151,-0.02639635093510151
2,circle vs any,first_last_same_size,0.028698110952973366,-0.028698110952973366
3,red vs any,first_last_same_size,0.012413718737661839,-0.012413718737661839
4,green vs any,first_last_same_size,0.02802250348031521,-0.02802250348031521
5,blue vs any,first_last_same_size,0.014765308238565922,-0.014765308238565922
6,cyan vs any,first_last_same_size,0.010036218911409378,0.010036218911409378
7,magenta vs any,first_last_same_size,0.000574742560274899,-0.000574742560274899
8,yellow vs any,first_last_same_size,0.019588284194469452,-0.019588284194469452
9,red triangle on the right,first_last_same_size,0.015582535415887833,-0.015582535415887833
10,red triangle on the right and arbitrary objects,first_last_same_size,0.009249866008758545,-0.009249866008758545
11,red triangle on the right and at least one circle and arbitrary objects,first_last_same_size,0.00010608434968162328,0.00010608434968162328
12,red triangle on the right and at least one blue object and arbitrary objects,first_last_same_size,0.0029219614807516336,-0.0029219614807516336
13,"triangle and square, same color",first_last_same_size,0.012812391854822636,0.012812391854822636
14,palindrome aba,first_last_same_size,0.01394063699990511,-0.01394063699990511
15,house,first_last_same_size,0.01647331193089485,0.01647331193089485
16,car,first_last_same_size,0.0026193142402917147,-0.0026193142402917147
17,tower,first_last_same_size,0.014361657202243805,0.014361657202243805
18,wagon,first_last_same_size,0.04262703284621239,0.04262703284621239
19,traffic light,first_last_same_size,0.00618432741612196,-0.00618432741612196
0,triangle vs any,triangle_square_share_color,0.00018840431584976614,-0.00018840431584976614
1,square vs any,triangle_square_share_color,0.0002486717712599784,0.0002486717712599784
2,circle vs any,triangle_square_share_color,5.83767905482091e-06,5.83767905482091e-06
3,red vs any,triangle_square_share_color,2.944588595710229e-05,-2.944588595710229e-05
4,green vs any,triangle_square_share_color,0.00017099975957535207,-0.00017099975957535207
5,blue vs any,triangle_square_share_color,9.665131801739335e-05,9.665131801739335e-05
6,cyan vs any,triangle_square_share_color,3.034591645700857e-05,-3.034591645700857e-05
7,magenta vs any,triangle_square_share_color,2.284765287186019e-05,-2.284765287186019e-05
8,yellow vs any,triangle_square_share_color,8.797645932645537e-06,-8.797645932645537e-06
9,red triangle on the right,triangle_square_share_color,0.007526612374931574,-0.007526612374931574
10,red triangle on the right and arbitrary objects,triangle_square_share_color,0.03366413339972496,-0.03366413339972496
11,red triangle on the right and at least one circle and arbitrary objects,triangle_square_share_color,0.0025244997814297676,-0.0025244997814297676
12,red triangle on the right and at least one blue object and arbitrary objects,triangle_square_share_color,0.0024439608678221703,-0.0024439608678221703
13,"triangle and square, same color",triangle_square_share_color,0.008243893273174763,0.008243893273174763
14,palindrome aba,triangle_square_share_color,0.004268620163202286,-0.004268620163202286
15,house,triangle_square_share_color,0.02060157246887684,0.02060157246887684
16,car,triangle_square_share_color,0.0013849901733919978,-0.0013849901733919978
17,tower,triangle_square_share_color,0.0025894951540976763,-0.0025894951540976763
18,wagon,triangle_square_share_color,0.0008767425897531211,0.0008767425897531211
19,traffic light,triangle_square_share_color,0.0029489039443433285,0.0029489039443433285
0,triangle vs any,has_stack,9.15431955945678e-05,9.15431955945678e-05
1,square vs any,has_stack,4.649162292480469e-05,-4.649162292480469e-05
2,circle vs any,has_stack,2.2590160369873047e-05,-2.2590160369873047e-05
3,red vs any,has_stack,8.414268813794479e-05,-8.414268813794479e-05
4,green vs any,has_stack,3.8723945181118324e-05,-3.8723945181118324e-05
5,blue vs any,has_stack,3.588080289773643e-05,-3.588080289773643e-05
6,cyan vs any,has_stack,5.29050839759293e-06,-5.29050839759293e-06
7,magenta vs any,has_stack,4.235267624608241e-05,-4.235267624608241e-05
8,yellow vs any,has_stack,1.9788742065429688e-05,-1.9788742065429688e-05
9,red triangle on the right,has_stack,3.4217835491290316e-05,-3.4217835491290316e-05
10,red triangle on the right and arbitrary objects,has_stack,0.00010464668594067916,-0.00010464668594067916
11,red triangle on the right and at least one circle and arbitrary objects,has_stack,0.00011356711183907464,-0.00011356711183907464
12,red triangle on the right and at least one blue object and arbitrary objects,has_stack,9.665369725553319e-05,9.665369725553319e-05
13,"triangle and square, same color",has_stack,8.368730777874589e-05,-8.368730777874589e-05
14,palindrome aba,has_stack,2.6738644010038115e-06,2.6738644010038115e-06
15,house,has_stack,0.011526291258633137,-0.011526291258633137
16,car,has_stack,0.00025547982659190893,0.00025547982659190893
17,tower,has_stack,0.030283836647868156,-0.030283836647868156
18,wagon,has_stack,8.307457028422505e-05,-8.307457028422505e-05
19,traffic light,has_stack,0.010178289376199245,-0.010178289376199245
0,triangle vs any,has_side_by_side,0.0004916179459542036,0.0004916179459542036
1,square vs any,has_side_by_side,6.158351607155055e-05,6.158351607155055e-05
2,circle vs any,has_side_by_side,0.0003948259400203824,-0.0003948259400203824
3,red vs any,has_side_by_side,4.202962009003386e-05,-4.202962009003386e-05
4,green vs any,has_side_by_side,4.106402411707677e-05,4.106402411707677e-05
5,blue vs any,has_side_by_side,0.0002614057157188654,0.0002614057157188654
6,cyan vs any,has_side_by_side,3.789424954447895e-05,3.789424954447895e-05
7,magenta vs any,has_side_by_side,5.9473513829289e-06,5.9473513829289e-06
8,yellow vs any,has_side_by_side,3.572702325982391e-06,3.572702325982391e-06
9,red triangle on the right,has_side_by_side,0.013643878512084484,-0.013643878512084484
10,red triangle on the right and arbitrary objects,has_side_by_side,0.015002112835645676,-0.015002112835645676
11,red triangle on the right and at least one circle and arbitrary objects,has_side_by_side,0.02313983254134655,-0.02313983254134655
12,red triangle on the right and at least one blue object and arbitrary objects,has_side_by_side,0.03021905943751335,-0.03021905943751335
13,"triangle and square, same color",has_side_by_side,0.001935950480401516,0.001935950480401516
14,palindrome aba,has_side_by_side,0.014577805064618587,-0.014577805064618587
15,house,has_side_by_side,0.0003488087677396834,0.0003488087677396834
16,car,has_side_by_side,0.019858108833432198,-0.019858108833432198
17,tower,has_side_by_side,0.0005761051434092224,-0.0005761051434092224
18,wagon,has_side_by_side,0.029605038464069366,-0.029605038464069366
19,traffic light,has_side_by_side,3.245353582315147e-05,3.245353582315147e-05
0,triangle vs any,stack_same_size,3.187060428899713e-05,3.187060428899713e-05
1,square vs any,stack_same_size,8.554458872822579e-06,-8.554458872822579e-06
2,circle vs any,stack_same_size,7.386326615232974e-05,7.386326615232974e-05
3,red vs any,stack_same_size,2.4261475118692033e-05,2.4261475118692033e-05
4,green vs any,stack_same_size,0.00022729158808942884,-0.00022729158808942884
5,blue vs any,stack_same_size,8.208036160795018e-05,-8.208036160795018e-05
6,cyan vs any,stack_same_size,3.165006637573242e-05,3.165006637573242e-05
7,magenta vs any,stack_same_size,4.383325722301379e-05,-4.383325722301379e-05
8,yellow vs any,stack_same_size,0.00011024832929251716,-0.00011024832929251716
9,red triangle on the right,stack_same_size,7.994413317646831e-05,-7.994413317646831e-05
10,red triangle on the right and arbitrary objects,stack_same_size,0.0001299595896853134,-0.0001299595896853134
11,red triangle on the right and at least one circle and arbitrary objects,stack_same_size,0.00013521552318707108,0.00013521552318707108
12,red triangle on the right and at least one blue object and arbitrary objects,stack_same_size,3.098011075053364e-05,-3.098011075053364e-05
13,"triangle and square, same color",stack_same_size,0.022398076951503754,0.022398076951503754
14,palindrome aba,stack_same_size,8.475541835650802e-05,8.475541835650802e-05
15,house,stack_same_size,0.006333944853395224,0.006333944853395224
16,car,stack_same_size,0.00020392776059452444,-0.00020392776059452444
17,tower,stack_same_size,0.0016767835477367043,0.0016767835477367043
18,wagon,stack_same_size,0.00011344611993990839,0.00011344611993990839
19,traffic light,stack_same_size,0.007246292661875486,0.007246292661875486
0,triangle vs any,side_by_side_same_size,0.000643098377622664,-0.000643098377622664
1,square vs any,side_by_side_same_size,0.0003759181417990476,0.0003759181417990476
2,circle vs any,side_by_side_same_size,0.0005988252232782543,0.0005988252232782543
3,red vs any,side_by_side_same_size,1.4458894838753622e-05,-1.4458894838753622e-05
4,green vs any,side_by_side_same_size,5.7437420764472336e-05,5.7437420764472336e-05
5,blue vs any,side_by_side_same_size,0.0004187762679066509,-0.0004187762679066509
6,cyan vs any,side_by_side_same_size,0.0001663505972828716,-0.0001663505972828716
7,magenta vs any,side_by_side_same_size,0.00027299762587063015,0.00027299762587063015
8,yellow vs any,side_by_side_same_size,6.979823228903115e-05,6.979823228903115e-05
9,red triangle on the right,side_by_side_same_size,0.0042617833241820335,-0.0042617833241820335
10,red triangle on the right and arbitrary objects,side_by_side_same_size,0.003673478262498975,-0.003673478262498975
11,red triangle on the right and at least one circle and arbitrary objects,side_by_side_same_size,0.0034092427231371403,0.0034092427231371403
12,red triangle on the right and at least one blue object and arbitrary objects,side_by_side_same_size,0.0016393923433497548,0.0016393923433497548
13,"triangle and square, same color",side_by_side_same_size,0.014933491125702858,-0.014933491125702858
14,palindrome aba,side_by_side_same_size,0.007067211903631687,-0.007067211903631687
15,house,side_by_side_same_size,0.0015245425747707486,-0.0015245425747707486
16,car,side_by_side_same_size,0.02012905664741993,0.02012905664741993
17,tower,side_by_side_same_size,2.4998187655000947e-05,-2.4998187655000947e-05
18,wagon,side_by_side_same_size,0.003623451106250286,-0.003623451106250286
19,traffic light,side_by_side_same_size,0.0002568280615378171,-0.0002568280615378171
0,triangle vs any,triangle_square_stack,0.00013509512064047158,0.00013509512064047158
1,square vs any,triangle_square_stack,0.00024545908672735095,0.00024545908672735095
2,circle vs any,triangle_square_stack,9.416937973583117e-05,-9.416937973583117e-05
3,red vs any,triangle_square_stack,4.1410923586227e-05,-4.1410923586227e-05
4,green vs any,triangle_square_stack,7.899522461229935e-05,-7.899522461229935e-05
5,blue vs any,triangle_square_stack,1.7149448467534967e-05,-1.7149448467534967e-05
6,cyan vs any,triangle_square_stack,2.1083355022710748e-05,2.1083355022710748e-05
7,magenta vs any,triangle_square_stack,2.580523505457677e-05,-2.580523505457677e-05
8,yellow vs any,triangle_square_stack,1.9650458852993324e-05,1.9650458852993324e-05
9,red triangle on the right,triangle_square_stack,0.00010315418330719694,-0.00010315418330719694
10,red triangle on the right and arbitrary objects,triangle_square_stack,0.0001718604617053643,0.0001718604617053643
11,red triangle on the right and at least one circle and arbitrary objects,triangle_square_stack,0.0001460945641156286,0.0001460945641156286
12,red triangle on the right and at least one blue object and arbitrary objects,triangle_square_stack,9.579658581060357e-06,-9.579658581060357e-06
13,"triangle and square, same color",triangle_square_stack,0.004424035549163818,0.004424035549163818
14,palindrome aba,triangle_square_stack,0.00010311603546142578,0.00010311603546142578
15,house,triangle_square_stack,0.001341391820460558,0.001341391820460558
16,car,triangle_square_stack,1.5503168469876982e-05,-1.5503168469876982e-05
17,tower,triangle_square_stack,0.002784732496365905,-0.002784732496365905
18,wagon,triangle_square_stack,1.0258555448672269e-05,1.0258555448672269e-05
19,traffic light,triangle_square_stack,0.00029428958077915013,-0.00029428958077915013
0,triangle vs any,two_circles_side_by_side,0.00010971308074658737,0.00010971308074658737
1,square vs any,two_circles_side_by_side,6.715536437695846e-05,6.715536437695846e-05
2,circle vs any,two_circles_side_by_side,2.945423148048576e-05,2.945423148048576e-05
3,red vs any,two_circles_side_by_side,0.00011816859478130937,0.00011816859478130937
4,green vs any,two_circles_side_by_side,1.818180135160219e-05,1.818180135160219e-05
5,blue vs any,two_circles_side_by_side,4.162669210927561e-05,-4.162669210927561e-05
6,cyan vs any,two_circles_side_by_side,7.256030949065462e-05,7.256030949065462e-05
7,magenta vs any,two_circles_side_by_side,1.800060317691532e-06,1.800060317691532e-06
8,yellow vs any,two_circles_side_by_side,5.462169610837009e-06,5.462169610837009e-06
9,red triangle on the right,two_circles_side_by_side,0.0006552052218466997,0.0006552052218466997
10,red triangle on the right and arbitrary objects,two_circles_side_by_side,1.8277169147040695e-05,1.8277169147040695e-05
11,red triangle on the right and at least one circle and arbitrary objects,two_circles_side_by_side,7.729768549324945e-05,7.729768549324945e-05
12,red triangle on the right and at least one blue object and arbitrary objects,two_circles_side_by_side,4.242658633302199e-06,4.242658633302199e-06
13,"triangle and square, same color",two_circles_side_by_side,0.0005528163746930659,0.0005528163746930659
14,palindrome aba,two_circles_side_by_side,0.002000062493607402,0.002000062493607402
15,house,two_circles_side_by_side,5.618691284325905e-05,-5.618691284325905e-05
16,car,two_circles_side_by_side,0.013009343296289444,0.013009343296289444
17,tower,two_circles_side_by_side,6.246566954359878e-06,6.246566954359878e-06
18,wagon,two_circles_side_by_side,0.001012077322229743,-0.001012077322229743
19,traffic light,two_circles_side_by_side,1.880168929346837e-05,1.880168929346837e-05
0,triangle vs any,two_or_three_squares_stack,3.878474308294244e-05,-3.878474308294244e-05
1,square vs any,two_or_three_squares_stack,4.500150680541992e-06,-4.500150680541992e-06
2,circle vs any,two_or_three_squares_stack,6.647348345723003e-05,-6.647348345723003e-05
3,red vs any,two_or_three_squares_stack,3.403663504286669e-05,-3.403663504286669e-05
4,green vs any,two_or_three_squares_stack,6.311058677965775e-05,-6.311058677965775e-05
5,blue vs any,two_or_three_squares_stack,1.3685225894732866e-06,1.3685225894732866e-06
6,cyan vs any,two_or_three_squares_stack,0.00010516405018279329,0.00010516405018279329
7,magenta vs any,two_or_three_squares_stack,4.273057129466906e-05,4.273057129466906e-05
8,yellow vs any,two_or_three_squares_stack,9.962677722796798e-05,-9.962677722796798e-05
9,red triangle on the right,two_or_three_squares_stack,2.944588595710229e-05,-2.944588595710229e-05
10,red triangle on the right and arbitrary objects,two_or_three_squares_stack,3.9385558920912445e-05,-3.9385558920912445e-05
11,red triangle on the right and at least one circle and arbitrary objects,two_or_three_squares_stack,5.5989028624026105e-05,-5.5989028624026105e-05
12,red triangle on the right and at least one blue object and arbitrary objects,two_or_three_squares_stack,4.6081542677711695e-05,-4.6081542677711695e-05
13,"triangle and square, same color",two_or_three_squares_stack,0.0018961882451549172,0.0018961882451549172
14,palindrome aba,two_or_three_squares_stack,2.706050850065367e-07,-2.706050850065367e-07
15,house,two_or_three_squares_stack,0.006244751159101725,-0.006244751159101725
16,car,two_or_three_squares_stack,0.00014017462672200054,0.00014017462672200054
17,tower,two_or_three_squares_stack,0.012741781771183014,0.012741781771183014
18,wagon,two_or_three_squares_stack,0.00017278314044233412,-0.00017278314044233412
19,traffic light,two_or_three_squares_stack,1.9650458852993324e-05,-1.9650458852993324e-05
0,triangle vs any,two_or_three_squares_side_by_side,0.0002303945948369801,-0.0002303945948369801
1,square vs any,two_or_three_squares_side_by_side,0.00019335030810907483,0.00019335030810907483
2,circle vs any,two_or_three_squares_side_by_side,0.0003112077829428017,0.0003112077829428017
3,red vs any,two_or_three_squares_side_by_side,0.00015105486090760678,-0.00015105486090760678
4,green vs any,two_or_three_squares_side_by_side,0.0002994096139445901,0.0002994096139445901
5,blue vs any,two_or_three_squares_side_by_side,3.522038605296984e-05,3.522038605296984e-05
6,cyan vs any,two_or_three_squares_side_by_side,0.00021889567142352462,-0.00021889567142352462
7,magenta vs any,two_or_three_squares_side_by_side,0.00035006404505111277,-0.00035006404505111277
8,yellow vs any,two_or_three_squares_side_by_side,3.50630289176479e-05,-3.50630289176479e-05
9,red triangle on the right,two_or_three_squares_side_by_side,0.000581325264647603,-0.000581325264647603
10,red triangle on the right and arbitrary objects,two_or_three_squares_side_by_side,7.824897693353705e-06,7.824897693353705e-06
11,red triangle on the right and at least one circle and arbitrary objects,two_or_three_squares_side_by_side,1.8180608094553463e-05,1.8180608094553463e-05
12,red triangle on the right and at least one blue object and arbitrary objects,two_or_three_squares_side_by_side,0.0004486763500608504,-0.0004486763500608504
13,"triangle and square, same color",two_or_three_squares_side_by_side,0.001613507280126214,-0.001613507280126214
14,palindrome aba,two_or_three_squares_side_by_side,0.006276420317590237,-0.006276420317590237
15,house,two_or_three_squares_side_by_side,6.166339153423905e-05,6.166339153423905e-05
16,car,two_or_three_squares_side_by_side,0.003973542246967554,-0.003973542246967554
17,tower,two_or_three_squares_side_by_side,9.255051554646343e-05,-9.255051554646343e-05
18,wagon,two_or_three_squares_side_by_side,0.03758889064192772,0.03758889064192772
19,traffic light,two_or_three_squares_side_by_side,4.850625828112243e-06,4.850625828112243e-06
0,triangle vs any,traffic_light_color_order,5.604028501693392e-06,-5.604028501693392e-06
1,square vs any,traffic_light_color_order,2.3603438421559986e-06,-2.3603438421559986e-06
2,circle vs any,traffic_light_color_order,3.777742449528887e-06,-3.777742449528887e-06
3,red vs any,traffic_light_color_order,9.870528856481542e-07,9.870528856481542e-07
4,green vs any,traffic_light_color_order,8.313655598612968e-06,-8.313655598612968e-06
5,blue vs any,traffic_light_color_order,1.92761422113108e-06,-1.92761422113108e-06
6,cyan vs any,traffic_light_color_order,4.035234269395005e-06,-4.035234269395005e-06
7,magenta vs any,traffic_light_color_order,5.029439762438415e-06,-5.029439762438415e-06
8,yellow vs any,traffic_light_color_order,2.142190851373016e-06,-2.142190851373016e-06
9,red triangle on the right,traffic_light_color_order,1.8048286847260897e-06,1.8048286847260897e-06
10,red triangle on the right and arbitrary objects,traffic_light_color_order,6.796121397201205e-06,6.796121397201205e-06
11,red triangle on the right and at least one circle and arbitrary objects,traffic_light_color_order,5.997419521008851e-06,5.997419521008851e-06
12,red triangle on the right and at least one blue object and arbitrary objects,traffic_light_color_order,4.3249128793831915e-06,-4.3249128793831915e-06
13,"triangle and square, same color",traffic_light_color_order,6.672144081676379e-06,-6.672144081676379e-06
14,palindrome aba,traffic_light_color_order,1.4901161193847656e-06,-1.4901161193847656e-06
15,house,traffic_light_color_order,0.0003326332662254572,-0.0003326332662254572
16,car,traffic_light_color_order,2.6094912755070254e-06,-2.6094912755070254e-06
17,tower,traffic_light_color_order,0.00012038707791361958,-0.00012038707791361958
18,wagon,traffic_light_color_order,3.1523108191322535e-05,-3.1523108191322535e-05
19,traffic light,traffic_light_color_order,0.0016825019847601652,0.0016825019847601652
0,triangle vs any,exists_circle_before_last,4.158735100645572e-05,4.158735100645572e-05
1,square vs any,exists_circle_before_last,3.771304909605533e-05,-3.771304909605533e-05
2,circle vs any,exists_circle_before_last,9.182930079987273e-05,9.182930079987273e-05
3,red vs any,exists_circle_before_last,0.00015865683963056654,0.00015865683963056654
4,green vs any,exists_circle_before_last,0.0001461648935219273,-0.0001461648935219273
5,blue vs any,exists_circle_before_last,8.28421107144095e-05,-8.28421107144095e-05
6,cyan vs any,exists_circle_before_last,7.746934716124088e-05,-7.746934716124088e-05
7,magenta vs any,exists_circle_before_last,7.350683154072613e-05,7.350683154072613e-05
8,yellow vs any,exists_circle_before_last,3.513932097121142e-05,3.513932097121142e-05
9,red triangle on the right,exists_circle_before_last,0.00912507064640522,-0.00912507064640522
10,red triangle on the right and arbitrary objects,exists_circle_before_last,0.014055455103516579,-0.014055455103516579
11,red triangle on the right and at least one circle and arbitrary objects,exists_circle_before_last,0.039358094334602356,0.039358094334602356
12,red triangle on the right and at least one blue object and arbitrary objects,exists_circle_before_last,0.017490742728114128,0.017490742728114128
13,"triangle and square, same color",exists_circle_before_last,0.00011303067003609613,-0.00011303067003609613
14,palindrome aba,exists_circle_before_last,0.010780381970107555,0.010780381970107555
15,house,exists_circle_before_last,0.001148909330368042,0.001148909330368042
16,car,exists_circle_before_last,0.02058173157274723,0.02058173157274723
17,tower,exists_circle_before_last,0.01761757768690586,-0.01761757768690586
18,wagon,exists_circle_before_last,0.011774646118283272,-0.011774646118283272
19,traffic light,exists_circle_before_last,0.029555320739746094,0.029555320739746094
0,triangle vs any,exists_blue_before_last,0.00030809760210104287,-0.00030809760210104287
1,square vs any,exists_blue_before_last,3.135084989480674e-05,3.135084989480674e-05
2,circle vs any,exists_blue_before_last,0.001136376871727407,-0.001136376871727407
3,red vs any,exists_blue_before_last,0.00021686434047296643,-0.00021686434047296643
4,green vs any,exists_blue_before_last,0.0002882695116568357,0.0002882695116568357
5,blue vs any,exists_blue_before_last,0.0035620583221316338,0.0035620583221316338
6,cyan vs any,exists_blue_before_last,2.8814078177674673e-05,2.8814078177674673e-05
7,magenta vs any,exists_blue_before_last,0.0002231788675999269,0.0002231788675999269
8,yellow vs any,exists_blue_before_last,0.00015412092034239322,-0.00015412092034239322
9,red triangle on the right,exists_blue_before_last,0.0006591081619262695,0.0006591081619262695
10,red triangle on the right and arbitrary objects,exists_blue_before_last,0.0038907264824956656,-0.0038907264824956656
11,red triangle on the right and at least one circle and arbitrary objects,exists_blue_before_last,0.0029617822729051113,0.0029617822729051113
12,red triangle on the right and at least one blue object and arbitrary objects,exists_blue_before_last,0.04551409184932709,0.04551409184932709
13,"triangle and square, same color",exists_blue_before_last,0.008589697070419788,0.008589697070419788
14,palindrome aba,exists_blue_before_last,0.007720761466771364,-0.007720761466771364
15,house,exists_blue_before_last,0.0027245329692959785,-0.0027245329692959785
16,car,exists_blue_before_last,0.0029093550983816385,0.0029093550983816385
17,tower,exists_blue_before_last,0.005645365919917822,0.005645365919917822
18,wagon,exists_blue_before_last,0.008981713093817234,-0.008981713093817234
19,traffic light,exists_blue_before_last,0.026900621131062508,-0.026900621131062508
