concept,mean_score_drop,mean_abs_change
has_small,-0.002462854841724038,0.016721459105610847
first_last_same_size,-0.003402198199182749,0.014693567529320717
has_large,0.0034368622582405806,0.014584784395992756
has_red,0.0009624803205952048,0.013541200198233128
first_last_same_color,0.002880380256101489,0.013049938715994358
has_square,0.003716228064149618,0.012704112567007542
first_last_same_shape,0.005241707898676395,0.01160751935094595
has_triangle,-0.00282608182169497,0.01135720033198595
has_circle,-0.0005045513971708715,0.010252960957586765
last_is_red,0.007193042431026697,0.009952946566045284
has_green,-0.005765162408351898,0.008976656943559647
has_blue,-0.0013319397112354636,0.008805463090538979
exists_circle_before_last,0.0033142969477921724,0.00861729308962822
has_magenta,-0.002072840929031372,0.008145127445459366
has_side_by_side,-0.007191924378275871,0.007513954769819975
last_is_small,0.0018221931532025337,0.00741802342236042
has_cyan,-0.0051617613062262535,0.007241818122565746
last_is_square,0.004555210005491972,0.006777527742087841
last_is_triangle,0.0021173402201384306,0.006435347255319357
last_is_large,0.0003512384428177029,0.006237722467631102
exists_blue_before_last,0.0009189629345200956,0.006122345104813576
has_yellow,-0.0007164655835367739,0.005695998668670654
triangle_square_share_color,-0.0010915439343079925,0.004393771290779114
last_is_circle,-0.0009912927635014057,0.0038319916930049658
last_is_blue,-0.0006883067544549704,0.0031683032866567373
side_by_side_same_size,-0.00050279003335163,0.003158056642860174
has_stack,-0.002612826181575656,0.0026574614457786083
two_or_three_squares_side_by_side,0.001227455330081284,0.0026246048510074615
last_is_cyan,-0.000245742907281965,0.002548735123127699
stack_same_size,0.0018616669112816453,0.001953348983079195
last_is_magenta,-0.001367856515571475,0.001789701054804027
last_is_green,-0.0010228261817246675,0.0015576423611491919
last_is_yellow,-0.0005313777946867049,0.0013163924450054765
two_or_three_squares_stack,0.0004006258968729526,0.0010921149514615536
two_circles_side_by_side,0.0007827449007891119,0.0008937339880503714
triangle_square_stack,0.00015766278374940157,0.0005041416734457016
traffic_light_color_order,5.82628563279286e-05,0.00011154588719364256
