concept,base_accuracy,permuted_accuracy,accuracy_drop
has_red,0.884,0.842,0.04200000000000004
last_is_red,0.884,0.842,0.04200000000000004
last_is_triangle,0.884,0.85,0.03400000000000003
has_circle,0.884,0.852,0.03200000000000003
has_square,0.884,0.858,0.026000000000000023
exists_circle_before_last,0.884,0.86,0.02400000000000002
has_magenta,0.884,0.862,0.02200000000000002
has_cyan,0.884,0.864,0.020000000000000018
has_green,0.884,0.864,0.020000000000000018
has_triangle,0.884,0.866,0.018000000000000016
triangle_square_share_color,0.884,0.868,0.016000000000000014
has_yellow,0.884,0.872,0.01200000000000001
has_side_by_side,0.884,0.872,0.01200000000000001
triangle_square_stack,0.884,0.874,0.010000000000000009
last_is_small,0.884,0.876,0.008000000000000007
has_blue,0.884,0.878,0.006000000000000005
first_last_same_shape,0.884,0.88,0.0040000000000000036
last_is_cyan,0.884,0.88,0.0040000000000000036
last_is_green,0.884,0.88,0.0040000000000000036
last_is_square,0.884,0.88,0.0040000000000000036
last_is_magenta,0.884,0.882,0.0020000000000000018
has_small,0.884,0.882,0.0020000000000000018
two_or_three_squares_stack,0.884,0.882,0.0020000000000000018
stack_same_size,0.884,0.882,0.0020000000000000018
last_is_circle,0.884,0.882,0.0020000000000000018
first_last_same_size,0.884,0.882,0.0020000000000000018
traffic_light_color_order,0.884,0.884,0.0
last_is_blue,0.884,0.884,0.0
two_circles_side_by_side,0.884,0.884,0.0
last_is_large,0.884,0.884,0.0
last_is_yellow,0.884,0.886,-0.0020000000000000018
exists_blue_before_last,0.884,0.886,-0.0020000000000000018
has_stack,0.884,0.886,-0.0020000000000000018
has_large,0.884,0.888,-0.0040000000000000036
side_by_side_same_size,0.884,0.89,-0.006000000000000005
first_last_same_color,0.884,0.892,-0.008000000000000007
two_or_three_squares_side_by_side,0.884,0.894,-0.010000000000000009
