task_id,task_name,oracle_concept_accuracy,predicted_concept_accuracy,accuracy_drop
13,"triangle and square, same color",0.92,0.76,0.16000000000000003
16,car,1.0,0.84,0.16000000000000003
14,palindrome aba,0.56,0.44,0.12000000000000005
2,circle vs any,1.0,0.92,0.07999999999999996
18,wagon,1.0,0.96,0.040000000000000036
11,red triangle on the right and at least one circle and arbitrary objects,0.92,0.88,0.040000000000000036
0,triangle vs any,1.0,1.0,0.0
1,square vs any,1.0,1.0,0.0
3,red vs any,1.0,1.0,0.0
4,green vs any,1.0,1.0,0.0
8,yellow vs any,1.0,1.0,0.0
5,blue vs any,1.0,1.0,0.0
15,house,0.8,0.8,0.0
12,red triangle on the right and at least one blue object and arbitrary objects,0.88,0.88,0.0
10,red triangle on the right and arbitrary objects,0.96,0.96,0.0
9,red triangle on the right,0.96,0.96,0.0
17,tower,0.96,0.96,0.0
19,traffic light,1.0,1.0,0.0
6,cyan vs any,0.84,0.88,-0.040000000000000036
7,magenta vs any,0.96,1.0,-0.040000000000000036
