epoch,train_loss,val_loss,val_macro_f1
1,0.8898726978302002,0.6975098314285278,0.39876806022816214
2,0.6110986742973328,0.5700824966430664,0.4073602466144662
3,0.5490573883056641,0.5203587884902954,0.47317870032765663
4,0.4922914862632751,0.4760071210861206,0.464314744797617
5,0.44149724435806276,0.4440039186477661,0.4668295830392605
6,0.40333005094528196,0.41337030339241027,0.5333656152997883
7,0.3797325792312622,0.3821192300319672,0.5214118701907426
8,0.3671811053752899,0.38375831985473635,0.5957395738579139
9,0.3471980195045471,0.3847576942443848,0.5886211989825749
10,0.33055327510833743,0.3250446982383728,0.6207772029341942
11,0.30188688516616824,0.317635192155838,0.645708882363673
12,0.2984829385280609,0.3137667107582092,0.6878143579335299
13,0.28874323701858523,0.4432326149940491,0.7128290338000716
14,0.28043517684936525,0.3223831009864807,0.7315279166131248
15,0.2873567748069763,0.3162260055541992,0.7467084034714594
16,0.2551669132709503,0.2942828130722046,0.7970596282886103
17,0.24313332295417786,0.28567485785484314,0.8218305917517977
18,0.23676141130924225,0.29516393041610717,0.8027357282768033
19,0.24556367373466492,0.2954886612892151,0.8432693595938989
20,0.258656653881073,0.2959622983932495,0.8318637162630971
